reviewedIn,userId,userProfileLink,ratingScore,reviewTitle,reviewId,reviewUrl,reviewReaction,reviewDescription,isVerified,isAmazonVine,reviewImages,date,position,variant,variantAttributes,totalCategoryRatings,totalCategoryReviews,reviewCategoryUrl,filterByRating,filterByKeyword,productAsin,productOriginalAsin,variantAsin,product,input,country,countryCode
Reviewed in India on 25 January 2025,amzn1.account.AH77STI6UB2MTZ6FJXJJ2DV7W5QQ,https://www.amazon.in/gp/profile/amzn1.account.AH77STI6UB2MTZ6FJXJJ2DV7W5QQ/ref=cm_cr_othr_d_gw_tr?ie=UTF8,5,Value for money,R11Y5EZFCH0C6,https://www.amazon.in/gp/customer-reviews/R11Y5EZFCH0C6/ref=cm_cr_othr_d_rvw_ttl?ie=UTF8&ASIN=B07YNTJ8ZM,,"The sound quality is good and clear,gets charged in a short time. It's a small and compact size. You can carry it anywhere. Sturdy. I liked the black color.",True,False,[],2025-01-25,1,"Colour: Black, Style Name: Zeb-County","[{'key': 'Colour', 'value': 'Black'}, {'key': 'Style Name', 'value': 'Zeb-County'}]",,,https://www.amazon.in/product-reviews/B07YNTJ8ZM?pageNumber=1&filterByStar=all_stars&sortBy=helpful&formatType=all_formats&asin=B07YNTJ8ZM&reftag=cm_cr_arp_d_paging_btm_next_1&scope=reviewsAjax0,allStars,,B07YNTJ8ZM,B07YNTJ8ZM,B07YNTJ8ZM,"{'price': None, 'listPrice': None}",https://www.amazon.in//Zebronics-Zeb-County-Bluetooth-Speaker-Function/dp/B07YNTJ8ZM/ref=zg_bs_g_1389365031_d_sccl_16/262-4334605-4855948?psc=1,India,
Reviewed in India on 3 June 2021,amzn1.account.AEQRAZQWNHPRGHNIFYNEIKPYOH6A,https://www.amazon.in/gp/profile/amzn1.account.AEQRAZQWNHPRGHNIFYNEIKPYOH6A/ref=cm_cr_othr_d_gw_tr?ie=UTF8,4,Budget bluetooth speaker which serves the purpose of low volume on a phone or laptop,R1GJIXYJ1WCO16,https://www.amazon.in/gp/customer-reviews/R1GJIXYJ1WCO16/ref=cm_cr_othr_d_rvw_ttl?ie=UTF8&ASIN=B07YNTJ8ZM,280 people found this helpful,"It is a satisfactory Bluetooth speaker and is perfect choice for those who are looking for a budget wireless speaker for their laptop or mobile phone with low volume issues or for those who need some portable music device and who dont want to shell out lot of money. It serves these purpose very well and is not pricey. Why I am saying all this‚Ä¶‚Ä¶First things first, I got this at 549 (the black one only as rest of the colors were way too pricey and choice of colors can be sacrificed in such a case). 2. My laptop and phone volume  is too low and watching a video or listening to music on these devices is not a good experience. So here too this speaker served the purpose as connectivity is excellent, size of speaker is conveniently small, lightweight and battery backup is damm awesome. After a complete charge I used this speaker for continuously for about 6 hours at about 80% volume and still the speaker is left with 60% charge. I cannot comment right now for the charging time as it arrived with more than 70% charge and I just topped it to full. Bluetooth connectivity is exceptionally good upto 10 mtrs. FM reception is average without connecting the data/charging cable but it is awesome if the cable is connected. It has only four buttons and all the functions are controlled by these buttons only. First button ‚ÄúM‚Äù is mode which when pressed switches from Bluetooth to FM to Aux to Usb/memory card. Transition of switching is flawless. Volume up/down keys are used to change volume and switch the channels. Long press changes the volume and short press/click changes the channels in FM or changes the track via Aux. Most usefull feature of this speaker is its mic. Yes, you can actually use this speaker (when connected to phone) to talk with someone and that too with no connectivity issues. Voice clarity is very good for the calls made. MUSIC CLARITY IS NOT VERY GOOD. (READ CONS FOR THIS). Quality of the plastics used seems good and feels durable.CONS. Sound quality is just average.  Voice call clarity is very good where music is not dominant. But when it comes to music, this speaker struggles to deliver quality. People are complaining in reviews that it doesnot produce any bass, but actually its is the bass produced by the speaker which deteriorates the quality. This is understandable for this product as it just has one tiny speaker inside and if manufacturer makes it to produce some bass will definitely deteriorate the music quality. But this is manageable and you can ADJUST THE MUSIC EQUALIZERS in your laptop or phone to get pretty decent music quality. This is the reason I don‚Äôt consider its music quality a con for the product. There‚Äôs one limitation about charging connector to. It comes with a charging port compatible to A/B type connector, so if you have a charger with data cable supporting ‚ÄúC‚Äù type connectors, you are bound to use the charging cable supplied with speaker only. So you cannot keep just one common cable with you to charge both your phone and speaker. Instead you will have to carry two different cables. This speaker does not come with a charger, so you will have to use your mobiles charger (5v, 1A)  for the purpose. But for the price rage, this seems reasonable.Useful tip for buyers: Most of the smart phones will display battery percentage left in the speaker. But you can install any of these two apps ‚ÄúBluebatt‚Äù or ‚ÄúBluetooth check ringtone and show battery level‚Äù from the playstore, if in case your phone is unable to fetch battery data from speaker.What you get in complete package: 1 unit of Bluetooth speaker, 1 cable which has Aux connector, USB connector and (A/B type) micro Usb connector, 1 tiny  user manual.Quality of packaging: Excellent, sturdy,  packaging used by Cloudtail to secure the company‚Äôs product packaging. Manufacturing date was of May-2021.",True,False,[],2021-06-03,2,"Colour: Black, Style Name: Zeb-County","[{'key': 'Colour', 'value': 'Black'}, {'key': 'Style Name', 'value': 'Zeb-County'}]",,,https://www.amazon.in/product-reviews/B07YNTJ8ZM?pageNumber=1&filterByStar=all_stars&sortBy=helpful&formatType=all_formats&asin=B07YNTJ8ZM&reftag=cm_cr_arp_d_paging_btm_next_1&scope=reviewsAjax0,allStars,,B07YNTJ8ZM,B07YNTJ8ZM,B07YNTJ8ZM,"{'price': None, 'listPrice': None}",https://www.amazon.in//Zebronics-Zeb-County-Bluetooth-Speaker-Function/dp/B07YNTJ8ZM/ref=zg_bs_g_1389365031_d_sccl_16/262-4334605-4855948?psc=1,India,
Reviewed in India on 4 January 2025,amzn1.account.AGBWR6FHDXB62G6JQDM54UILZR3A,https://www.amazon.in/gp/profile/amzn1.account.AGBWR6FHDXB62G6JQDM54UILZR3A/ref=cm_cr_othr_d_gw_tr?ie=UTF8,5,Worth of money,RXG5Z0WCGBECH,https://www.amazon.in/gp/customer-reviews/RXG5Z0WCGBECH/ref=cm_cr_othr_d_rvw_ttl?ie=UTF8&ASIN=B07YNTJ8ZM,,"Best sound effects, bass effects. Really better experience",True,False,[],2025-01-04,3,"Colour: Blue, Style Name: Zeb-County","[{'key': 'Colour', 'value': 'Blue'}, {'key': 'Style Name', 'value': 'Zeb-County'}]",,,https://www.amazon.in/product-reviews/B07YNTJ8ZM?pageNumber=1&filterByStar=all_stars&sortBy=helpful&formatType=all_formats&asin=B07YNTJ8ZM&reftag=cm_cr_arp_d_paging_btm_next_1&scope=reviewsAjax0,allStars,,B07YNTJ8ZM,B07YNTJ8ZM,B07YNTJ8ZM,"{'price': None, 'listPrice': None}",https://www.amazon.in//Zebronics-Zeb-County-Bluetooth-Speaker-Function/dp/B07YNTJ8ZM/ref=zg_bs_g_1389365031_d_sccl_16/262-4334605-4855948?psc=1,India,
Reviewed in India on 3 January 2025,amzn1.account.AHGNWMK6IIX6NSPCCUGHWKN5GYSQ,https://www.amazon.in/gp/profile/amzn1.account.AHGNWMK6IIX6NSPCCUGHWKN5GYSQ/ref=cm_cr_othr_d_gw_tr?ie=UTF8,4,Good for the price,R1XXVIH9USDBHL,https://www.amazon.in/gp/customer-reviews/R1XXVIH9USDBHL/ref=cm_cr_othr_d_rvw_ttl?ie=UTF8&ASIN=B07YNTJ8ZM,,"It's a good buy for under 500rupees.Its build is plasticky and the newer version come with type c port not micro usb they have not updated product description.Battery life is ok.The annoying thing is that it's too loud when you turn it on and the blue led keeps blinking while playing.Its not very loud barely manageable at 100 percent volume and radio doesn't work just for name sake.Better go for 5watt and above speakers.Its small, light but build is not so great so handle with care.",True,False,['https://m.media-amazon.com/images/I/71KlKpuSMRL._SY88.jpg'],2025-01-03,4,"Colour: Green, Style Name: Zeb-County","[{'key': 'Colour', 'value': 'Green'}, {'key': 'Style Name', 'value': 'Zeb-County'}]",,,https://www.amazon.in/product-reviews/B07YNTJ8ZM?pageNumber=1&filterByStar=all_stars&sortBy=helpful&formatType=all_formats&asin=B07YNTJ8ZM&reftag=cm_cr_arp_d_paging_btm_next_1&scope=reviewsAjax0,allStars,,B07YNTJ8ZM,B07YNTJ8ZM,B07YNTJ8ZM,"{'price': None, 'listPrice': None}",https://www.amazon.in//Zebronics-Zeb-County-Bluetooth-Speaker-Function/dp/B07YNTJ8ZM/ref=zg_bs_g_1389365031_d_sccl_16/262-4334605-4855948?psc=1,India,
Reviewed in India on 9 January 2025,amzn1.account.AGFIUZSF3U5KLOYGBGKMH3IS6CCQ,https://www.amazon.in/gp/profile/amzn1.account.AGFIUZSF3U5KLOYGBGKMH3IS6CCQ/ref=cm_cr_othr_d_gw_tr?ie=UTF8,3,Nice speaker,R3SAAXYGN3HA8S,https://www.amazon.in/gp/customer-reviews/R3SAAXYGN3HA8S/ref=cm_cr_othr_d_rvw_ttl?ie=UTF8&ASIN=B07YNTJ8ZM,,"Build quality good, sounds quality is ok, weight is light, charging ability -90 mins, fm radio is running but quality is lower . Fully functional",True,False,[],2025-01-09,5,"Colour: Green, Style Name: Zeb-County","[{'key': 'Colour', 'value': 'Green'}, {'key': 'Style Name', 'value': 'Zeb-County'}]",,,https://www.amazon.in/product-reviews/B07YNTJ8ZM?pageNumber=1&filterByStar=all_stars&sortBy=helpful&formatType=all_formats&asin=B07YNTJ8ZM&reftag=cm_cr_arp_d_paging_btm_next_1&scope=reviewsAjax0,allStars,,B07YNTJ8ZM,B07YNTJ8ZM,B07YNTJ8ZM,"{'price': None, 'listPrice': None}",https://www.amazon.in//Zebronics-Zeb-County-Bluetooth-Speaker-Function/dp/B07YNTJ8ZM/ref=zg_bs_g_1389365031_d_sccl_16/262-4334605-4855948?psc=1,India,
Reviewed in India on 29 December 2024,amzn1.account.AHNQSZJG377M5DOIBGJCDGZGZI4Q,https://www.amazon.in/gp/profile/amzn1.account.AHNQSZJG377M5DOIBGJCDGZGZI4Q/ref=cm_cr_othr_d_gw_tr?ie=UTF8,5,Countyü•π type 2 bluetooth speaker,R18P39UN2UEJJ8,https://www.amazon.in/gp/customer-reviews/R18P39UN2UEJJ8/ref=cm_cr_othr_d_rvw_ttl?ie=UTF8&ASIN=B07YNTJ8ZM,,"Immediately when switched on, the volume picks at its maximum, deafening our ears. Otherwise, it is a good product",True,False,[],2024-12-29,6,"Colour: Grey, Style Name: Zeb-County","[{'key': 'Colour', 'value': 'Grey'}, {'key': 'Style Name', 'value': 'Zeb-County'}]",,,https://www.amazon.in/product-reviews/B07YNTJ8ZM?pageNumber=1&filterByStar=all_stars&sortBy=helpful&formatType=all_formats&asin=B07YNTJ8ZM&reftag=cm_cr_arp_d_paging_btm_next_1&scope=reviewsAjax0,allStars,,B07YNTJ8ZM,B07YNTJ8ZM,B07YNTJ8ZM,"{'price': None, 'listPrice': None}",https://www.amazon.in//Zebronics-Zeb-County-Bluetooth-Speaker-Function/dp/B07YNTJ8ZM/ref=zg_bs_g_1389365031_d_sccl_16/262-4334605-4855948?psc=1,India,
Reviewed in India on 6 January 2025,amzn1.account.AHB7M5Y6SULMBHBJWCE5HNGMDZGA,https://www.amazon.in/gp/profile/amzn1.account.AHB7M5Y6SULMBHBJWCE5HNGMDZGA/ref=cm_cr_othr_d_gw_tr?ie=UTF8,5,Really good purchase,RHSNST3V6XUTK,https://www.amazon.in/gp/customer-reviews/RHSNST3V6XUTK/ref=cm_cr_othr_d_rvw_ttl?ie=UTF8&ASIN=B07YNTJ8ZM,,"The speaker has decent sound quality and Bluetooth range. The FM functionality is also very good but it needs to be connected to the USB charger for maximum efficiency. Battery backup is fairly decent. The only drawback, if any, is that the charger is not on the box.",True,False,[],2025-01-06,7,"Colour: Black, Style Name: Zeb-County","[{'key': 'Colour', 'value': 'Black'}, {'key': 'Style Name', 'value': 'Zeb-County'}]",,,https://www.amazon.in/product-reviews/B07YNTJ8ZM?pageNumber=1&filterByStar=all_stars&sortBy=helpful&formatType=all_formats&asin=B07YNTJ8ZM&reftag=cm_cr_arp_d_paging_btm_next_1&scope=reviewsAjax0,allStars,,B07YNTJ8ZM,B07YNTJ8ZM,B07YNTJ8ZM,"{'price': None, 'listPrice': None}",https://www.amazon.in//Zebronics-Zeb-County-Bluetooth-Speaker-Function/dp/B07YNTJ8ZM/ref=zg_bs_g_1389365031_d_sccl_16/262-4334605-4855948?psc=1,India,
Reviewed in India on 29 December 2024,amzn1.account.AGFP3TULZZ5FL7EI6XL3EX3GOLIA,https://www.amazon.in/gp/profile/amzn1.account.AGFP3TULZZ5FL7EI6XL3EX3GOLIA/ref=cm_cr_othr_d_gw_tr?ie=UTF8,4,"Good product, recieved as image",RD4T8AWK4RHUT,https://www.amazon.in/gp/customer-reviews/RD4T8AWK4RHUT/ref=cm_cr_othr_d_rvw_ttl?ie=UTF8&ASIN=B07YNTJ8ZM,,"A good product under this price..compact, sound quality is good..FM is working well, wire length is short, there is no auxillary mode, design is compact and impressive, looks cute..but recieved product box opened already..battery back up is good...no indication of battery is full while charging...may be the light gets off is the indication of battery full.",True,False,['https://m.media-amazon.com/images/I/71hrhpSwPCL._SY88.jpg'],2024-12-29,8,"Colour: Grey, Style Name: Zeb-County","[{'key': 'Colour', 'value': 'Grey'}, {'key': 'Style Name', 'value': 'Zeb-County'}]",,,https://www.amazon.in/product-reviews/B07YNTJ8ZM?pageNumber=1&filterByStar=all_stars&sortBy=helpful&formatType=all_formats&asin=B07YNTJ8ZM&reftag=cm_cr_arp_d_paging_btm_next_1&scope=reviewsAjax0,allStars,,B07YNTJ8ZM,B07YNTJ8ZM,B07YNTJ8ZM,"{'price': None, 'listPrice': None}",https://www.amazon.in//Zebronics-Zeb-County-Bluetooth-Speaker-Function/dp/B07YNTJ8ZM/ref=zg_bs_g_1389365031_d_sccl_16/262-4334605-4855948?psc=1,India,
Reviewed in India on 23 July 2024,amzn1.account.AFTJXVVDX6E364QCC7H52HJRTPXQ,https://www.amazon.in/gp/profile/amzn1.account.AFTJXVVDX6E364QCC7H52HJRTPXQ/ref=cm_cr_othr_d_gw_tr?ie=UTF8,4,"After a year and a half of use, it has proven to be a reliable and worthwhile investment.",R2L85RG14KGARN,https://www.amazon.in/gp/customer-reviews/R2L85RG14KGARN/ref=cm_cr_othr_d_rvw_ttl?ie=UTF8&ASIN=B07YNTJ8ZM,12 people found this helpful,"I've been using the Zebronics ZEB-COUNTY 3W Wireless Bluetooth Portable Speaker for the past one and a half years, and here's my detailed review of the product based on my long-term usage:Design and Build QualityThe Zebronics ZEB-COUNTY speaker has a compact and portable design, making it easy to carry around. It features a rugged and durable build, which has held up well over time. The speaker's rubberized exterior provides a good grip and adds to its durability, protecting it from minor bumps and scratches.Sound QualityFor a 3W speaker, the sound quality is quite impressive. The audio output is clear, with decent bass and treble. It performs well in small to medium-sized rooms, making it ideal for personal use or small gatherings. The sound remains distortion-free even at higher volumes, which is a notable advantage for a speaker in this price range.Battery LifeThe battery life of the ZEB-COUNTY is another strong point. On a full charge, it can last up to 10 hours, depending on the volume level. This long battery life makes it convenient for extended use without the need for frequent recharging. The charging time is also reasonable, taking about 2-3 hours to reach a full charge.ConnectivityThe Bluetooth connectivity is reliable and straightforward to set up. The speaker maintains a stable connection within a typical range of about 10 meters. In addition to Bluetooth, the ZEB-COUNTY also offers multiple connectivity options, including USB, micro SD card, and AUX input, adding to its versatility.FeatureThe ZEB-COUNTY comes with a built-in FM radio, which is a nice bonus feature for those who enjoy listening to radio stations. The speaker also has a built-in microphone, allowing it to be used for hands-free calling, although the call quality is average.PortabilityThanks to its lightweight and compact design, the speaker is highly portable. It's easy to carry in a bag or even by hand, making it suitable for outdoor activities, travel, or simply moving around the house.Value for MoneyConsidering its features, sound quality, and durability, the Zebronics ZEB-COUNTY offers excellent value for money. It provides a balanced mix of performance and affordability, making it a great choice for budget-conscious consumers looking for a reliable portable speaker.Pros:- Compact and durable design- Good sound quality for its size- Long battery life- Multiple connectivity options- Built-in FM radio and microphone- Affordable priceCons:- Average call quality- Bass might not satisfy audiophilesConclusionOverall, the Zebronics ZEB-COUNTY 3W Wireless Bluetooth Portable Speaker is a solid choice for anyone looking for a budget-friendly portable speaker with good sound quality and a durable design. Its long battery life and multiple connectivity options make it versatile and convenient for various uses. After a year and a half of use, it has proven to be a reliable and worthwhile investment.",True,False,"['https://m.media-amazon.com/images/I/31Ln0U6+icL._SY88.jpg', 'https://m.media-amazon.com/images/I/41Hybp7Az8L._SY88.jpg', 'https://m.media-amazon.com/images/I/616StOvihvL._SY88.jpg']",2024-07-23,9,"Colour: Black, Style Name: Zeb-County","[{'key': 'Colour', 'value': 'Black'}, {'key': 'Style Name', 'value': 'Zeb-County'}]",,,https://www.amazon.in/product-reviews/B07YNTJ8ZM?pageNumber=2&filterByStar=all_stars&sortBy=helpful&formatType=all_formats&asin=B07YNTJ8ZM&reftag=cm_cr_arp_d_paging_btm_next_2&scope=reviewsAjax0,allStars,,B07YNTJ8ZM,B07YNTJ8ZM,B07YNTJ8ZM,"{'price': None, 'listPrice': None}",https://www.amazon.in//Zebronics-Zeb-County-Bluetooth-Speaker-Function/dp/B07YNTJ8ZM/ref=zg_bs_g_1389365031_d_sccl_16/262-4334605-4855948?psc=1,India,
Reviewed in India on 27 January 2025,amzn1.account.AH7SSIMJCYDHJAOYFD6V5QU7DZ2Q,https://www.amazon.in/gp/profile/amzn1.account.AH7SSIMJCYDHJAOYFD6V5QU7DZ2Q/ref=cm_cr_othr_d_gw_tr?ie=UTF8,4,Amazing,R2UY0V1VZ5URH3,https://www.amazon.in/gp/customer-reviews/R2UY0V1VZ5URH3/ref=cm_cr_othr_d_rvw_ttl?ie=UTF8&ASIN=B07YNTJ8ZM,,Using from past 2 years Great product,True,False,[],2025-01-27,10,"Colour: Black, Style Name: Zeb-County","[{'key': 'Colour', 'value': 'Black'}, {'key': 'Style Name', 'value': 'Zeb-County'}]",,,https://www.amazon.in/product-reviews/B07YNTJ8ZM?pageNumber=2&filterByStar=all_stars&sortBy=helpful&formatType=all_formats&asin=B07YNTJ8ZM&reftag=cm_cr_arp_d_paging_btm_next_2&scope=reviewsAjax0,allStars,,B07YNTJ8ZM,B07YNTJ8ZM,B07YNTJ8ZM,"{'price': None, 'listPrice': None}",https://www.amazon.in//Zebronics-Zeb-County-Bluetooth-Speaker-Function/dp/B07YNTJ8ZM/ref=zg_bs_g_1389365031_d_sccl_16/262-4334605-4855948?psc=1,India,
Reviewed in India on 24 January 2025,amzn1.account.AEPA5562GPXKQ6O6N7PYIPUMK7ZQ,https://www.amazon.in/gp/profile/amzn1.account.AEPA5562GPXKQ6O6N7PYIPUMK7ZQ/ref=cm_cr_othr_d_gw_tr?ie=UTF8,4,Go for it,R3PB2VOWUXU7DB,https://www.amazon.in/gp/customer-reviews/R3PB2VOWUXU7DB/ref=cm_cr_othr_d_rvw_ttl?ie=UTF8&ASIN=B07YNTJ8ZM,,Very good for this range,True,False,[],2025-01-24,11,"Colour: Black, Style Name: Zeb-County","[{'key': 'Colour', 'value': 'Black'}, {'key': 'Style Name', 'value': 'Zeb-County'}]",,,https://www.amazon.in/product-reviews/B07YNTJ8ZM?pageNumber=2&filterByStar=all_stars&sortBy=helpful&formatType=all_formats&asin=B07YNTJ8ZM&reftag=cm_cr_arp_d_paging_btm_next_2&scope=reviewsAjax0,allStars,,B07YNTJ8ZM,B07YNTJ8ZM,B07YNTJ8ZM,"{'price': None, 'listPrice': None}",https://www.amazon.in//Zebronics-Zeb-County-Bluetooth-Speaker-Function/dp/B07YNTJ8ZM/ref=zg_bs_g_1389365031_d_sccl_16/262-4334605-4855948?psc=1,India,
Reviewed in India on 19 January 2025,amzn1.account.AFO2CISGPHAU4BCIOWY4WWNIECFQ,https://www.amazon.in/gp/profile/amzn1.account.AFO2CISGPHAU4BCIOWY4WWNIECFQ/ref=cm_cr_othr_d_gw_tr?ie=UTF8,4,Good sound for this price but not good for music lovers just produce sound üîä,R2U8FLCW862R0O,https://www.amazon.in/gp/customer-reviews/R2U8FLCW862R0O/ref=cm_cr_othr_d_rvw_ttl?ie=UTF8&ASIN=B07YNTJ8ZM,,Sound quality good some details of song missing in this speaker. Sound is good üëç,True,False,[],2025-01-19,12,"Colour: Blue, Style Name: Zeb-County","[{'key': 'Colour', 'value': 'Blue'}, {'key': 'Style Name', 'value': 'Zeb-County'}]",,,https://www.amazon.in/product-reviews/B07YNTJ8ZM?pageNumber=2&filterByStar=all_stars&sortBy=helpful&formatType=all_formats&asin=B07YNTJ8ZM&reftag=cm_cr_arp_d_paging_btm_next_2&scope=reviewsAjax0,allStars,,B07YNTJ8ZM,B07YNTJ8ZM,B07YNTJ8ZM,"{'price': None, 'listPrice': None}",https://www.amazon.in//Zebronics-Zeb-County-Bluetooth-Speaker-Function/dp/B07YNTJ8ZM/ref=zg_bs_g_1389365031_d_sccl_16/262-4334605-4855948?psc=1,India,
Reviewed in India on 22 January 2025,amzn1.account.AHZULZ4EXSOEDYVOOMREGBV2CMSQ,https://www.amazon.in/gp/profile/amzn1.account.AHZULZ4EXSOEDYVOOMREGBV2CMSQ/ref=cm_cr_othr_d_gw_tr?ie=UTF8,4,Battery,R3ISPF57DRS2S2,https://www.amazon.in/gp/customer-reviews/R3ISPF57DRS2S2/ref=cm_cr_othr_d_rvw_ttl?ie=UTF8&ASIN=B07YNTJ8ZM,,Nice product good backup battery,True,False,[],2025-01-22,13,"Colour: Red, Style Name: Zeb-County","[{'key': 'Colour', 'value': 'Red'}, {'key': 'Style Name', 'value': 'Zeb-County'}]",,,https://www.amazon.in/product-reviews/B07YNTJ8ZM?pageNumber=2&filterByStar=all_stars&sortBy=helpful&formatType=all_formats&asin=B07YNTJ8ZM&reftag=cm_cr_arp_d_paging_btm_next_2&scope=reviewsAjax0,allStars,,B07YNTJ8ZM,B07YNTJ8ZM,B07YNTJ8ZM,"{'price': None, 'listPrice': None}",https://www.amazon.in//Zebronics-Zeb-County-Bluetooth-Speaker-Function/dp/B07YNTJ8ZM/ref=zg_bs_g_1389365031_d_sccl_16/262-4334605-4855948?psc=1,India,
Reviewed in India on 5 January 2025,amzn1.account.AELV6BBMDNVARHGC6MSNOBAT5EKQ,https://www.amazon.in/gp/profile/amzn1.account.AELV6BBMDNVARHGC6MSNOBAT5EKQ/ref=cm_cr_othr_d_gw_tr?ie=UTF8,4,Ouality,R1T62XABRJWSZO,https://www.amazon.in/gp/customer-reviews/R1T62XABRJWSZO/ref=cm_cr_othr_d_rvw_ttl?ie=UTF8&ASIN=B07YNTJ8ZM,,Good sound and bass value for money,True,False,[],2025-01-05,14,"Colour: Black, Style Name: Zeb-County","[{'key': 'Colour', 'value': 'Black'}, {'key': 'Style Name', 'value': 'Zeb-County'}]",,,https://www.amazon.in/product-reviews/B07YNTJ8ZM?pageNumber=2&filterByStar=all_stars&sortBy=helpful&formatType=all_formats&asin=B07YNTJ8ZM&reftag=cm_cr_arp_d_paging_btm_next_2&scope=reviewsAjax0,allStars,,B07YNTJ8ZM,B07YNTJ8ZM,B07YNTJ8ZM,"{'price': None, 'listPrice': None}",https://www.amazon.in//Zebronics-Zeb-County-Bluetooth-Speaker-Function/dp/B07YNTJ8ZM/ref=zg_bs_g_1389365031_d_sccl_16/262-4334605-4855948?psc=1,India,
Reviewed in India on 18 December 2024,amzn1.account.AEHNHSNP54JPEXY44QTVUZMZBLLQ,https://www.amazon.in/gp/profile/amzn1.account.AEHNHSNP54JPEXY44QTVUZMZBLLQ/ref=cm_cr_othr_d_gw_tr?ie=UTF8,4,value and good speaker in this price,R35K7CJYNEPXQ0,https://www.amazon.in/gp/customer-reviews/R35K7CJYNEPXQ0/ref=cm_cr_othr_d_rvw_ttl?ie=UTF8&ASIN=B07YNTJ8ZM,,very good speaker no bassnice sound quality and claritynot for bass lovers.,True,False,[],2024-12-18,15,"Colour: Green, Style Name: Zeb-County","[{'key': 'Colour', 'value': 'Green'}, {'key': 'Style Name', 'value': 'Zeb-County'}]",,,https://www.amazon.in/product-reviews/B07YNTJ8ZM?pageNumber=2&filterByStar=all_stars&sortBy=helpful&formatType=all_formats&asin=B07YNTJ8ZM&reftag=cm_cr_arp_d_paging_btm_next_2&scope=reviewsAjax0,allStars,,B07YNTJ8ZM,B07YNTJ8ZM,B07YNTJ8ZM,"{'price': None, 'listPrice': None}",https://www.amazon.in//Zebronics-Zeb-County-Bluetooth-Speaker-Function/dp/B07YNTJ8ZM/ref=zg_bs_g_1389365031_d_sccl_16/262-4334605-4855948?psc=1,India,
Reviewed in India on 16 December 2024,amzn1.account.AEUQWF2EVHRSXV7RMREWZZZMZDEQ,https://www.amazon.in/gp/profile/amzn1.account.AEUQWF2EVHRSXV7RMREWZZZMZDEQ/ref=cm_cr_othr_d_gw_tr?ie=UTF8,4,Solid Baseü¶æ,R1KSLT3OJ5ZW74,https://www.amazon.in/gp/customer-reviews/R1KSLT3OJ5ZW74/ref=cm_cr_othr_d_rvw_ttl?ie=UTF8&ASIN=B07YNTJ8ZM,,"Good Sound Quality, long battery Life",True,False,[],2024-12-16,16,"Colour: Blue, Style Name: Zeb-County","[{'key': 'Colour', 'value': 'Blue'}, {'key': 'Style Name', 'value': 'Zeb-County'}]",,,https://www.amazon.in/product-reviews/B07YNTJ8ZM?pageNumber=2&filterByStar=all_stars&sortBy=helpful&formatType=all_formats&asin=B07YNTJ8ZM&reftag=cm_cr_arp_d_paging_btm_next_2&scope=reviewsAjax0,allStars,,B07YNTJ8ZM,B07YNTJ8ZM,B07YNTJ8ZM,"{'price': None, 'listPrice': None}",https://www.amazon.in//Zebronics-Zeb-County-Bluetooth-Speaker-Function/dp/B07YNTJ8ZM/ref=zg_bs_g_1389365031_d_sccl_16/262-4334605-4855948?psc=1,India,
Reviewed in India on 26 January 2025,amzn1.account.AFEMIXHFSRZP6DNQS5LH2LPSQDKA,https://www.amazon.in/gp/profile/amzn1.account.AFEMIXHFSRZP6DNQS5LH2LPSQDKA/ref=cm_cr_othr_d_gw_tr?ie=UTF8,5,Must buyyy,R1NVQF29IFL3MI,https://www.amazon.in/gp/customer-reviews/R1NVQF29IFL3MI/ref=cm_cr_othr_d_rvw_ttl?ie=UTF8&ASIN=B07YNTJ8ZM,,Must buyyyy,True,False,[],2025-01-26,57,"Colour: Black, Style Name: Zeb-County","[{'key': 'Colour', 'value': 'Black'}, {'key': 'Style Name', 'value': 'Zeb-County'}]",,,https://www.amazon.in/product-reviews/B07YNTJ8ZM?pageNumber=8&filterByStar=all_stars&sortBy=helpful&formatType=all_formats&asin=B07YNTJ8ZM&reftag=cm_cr_arp_d_paging_btm_next_8&scope=reviewsAjax0,allStars,,B07YNTJ8ZM,B07YNTJ8ZM,B07YNTJ8ZM,"{'price': None, 'listPrice': None}",https://www.amazon.in//Zebronics-Zeb-County-Bluetooth-Speaker-Function/dp/B07YNTJ8ZM/ref=zg_bs_g_1389365031_d_sccl_16/262-4334605-4855948?psc=1,India,
Reviewed in India on 5 January 2025,amzn1.account.AGC4S5Q4WQSLUS5SMCQNHHEJBOHA,https://www.amazon.in/gp/profile/amzn1.account.AGC4S5Q4WQSLUS5SMCQNHHEJBOHA/ref=cm_cr_othr_d_gw_tr?ie=UTF8,5,Sound quality is very good awesome I buyed with a doubt but it was very good,R3K6DSSFULBNN4,https://www.amazon.in/gp/customer-reviews/R3K6DSSFULBNN4/ref=cm_cr_othr_d_rvw_ttl?ie=UTF8&ASIN=B07YNTJ8ZM,,Charging ability is very good weight is also medium bulid quality very good design was perfect functionality is also ok the best is sound quality...........,True,False,['https://m.media-amazon.com/images/I/71y5BzyDRxL._SY88.jpg'],2025-01-05,58,"Colour: Black, Style Name: Zeb-County","[{'key': 'Colour', 'value': 'Black'}, {'key': 'Style Name', 'value': 'Zeb-County'}]",,,https://www.amazon.in/product-reviews/B07YNTJ8ZM?pageNumber=8&filterByStar=all_stars&sortBy=helpful&formatType=all_formats&asin=B07YNTJ8ZM&reftag=cm_cr_arp_d_paging_btm_next_8&scope=reviewsAjax0,allStars,,B07YNTJ8ZM,B07YNTJ8ZM,B07YNTJ8ZM,"{'price': None, 'listPrice': None}",https://www.amazon.in//Zebronics-Zeb-County-Bluetooth-Speaker-Function/dp/B07YNTJ8ZM/ref=zg_bs_g_1389365031_d_sccl_16/262-4334605-4855948?psc=1,India,
Reviewed in India on 18 January 2025,amzn1.account.AHACYCZ3622E34BMOAMCO37JLOGQ,https://www.amazon.in/gp/profile/amzn1.account.AHACYCZ3622E34BMOAMCO37JLOGQ/ref=cm_cr_othr_d_gw_tr?ie=UTF8,5,Review,R5AETT91U790,https://www.amazon.in/gp/customer-reviews/R5AETT91U790/ref=cm_cr_othr_d_rvw_ttl?ie=UTF8&ASIN=B07YNTJ8ZM,,Good Product,True,False,[],2025-01-18,59,"Colour: Black, Style Name: Zeb-County","[{'key': 'Colour', 'value': 'Black'}, {'key': 'Style Name', 'value': 'Zeb-County'}]",,,https://www.amazon.in/product-reviews/B07YNTJ8ZM?pageNumber=8&filterByStar=all_stars&sortBy=helpful&formatType=all_formats&asin=B07YNTJ8ZM&reftag=cm_cr_arp_d_paging_btm_next_8&scope=reviewsAjax0,allStars,,B07YNTJ8ZM,B07YNTJ8ZM,B07YNTJ8ZM,"{'price': None, 'listPrice': None}",https://www.amazon.in//Zebronics-Zeb-County-Bluetooth-Speaker-Function/dp/B07YNTJ8ZM/ref=zg_bs_g_1389365031_d_sccl_16/262-4334605-4855948?psc=1,India,
Reviewed in India on 22 October 2024,amzn1.account.AE33Y5JOJ4IZGVJD4WPLVZ3LP5PQ,https://www.amazon.in/gp/profile/amzn1.account.AE33Y5JOJ4IZGVJD4WPLVZ3LP5PQ/ref=cm_cr_othr_d_gw_tr?ie=UTF8,4,Good,R33C5AIE8CRXEZ,https://www.amazon.in/gp/customer-reviews/R33C5AIE8CRXEZ/ref=cm_cr_othr_d_rvw_ttl?ie=UTF8&ASIN=B07YNTJ8ZM,,Good condition,True,False,[],2024-10-22,60,"Colour: Blue, Style Name: Zeb-County","[{'key': 'Colour', 'value': 'Blue'}, {'key': 'Style Name', 'value': 'Zeb-County'}]",,,https://www.amazon.in/product-reviews/B07YNTJ8ZM?pageNumber=8&filterByStar=all_stars&sortBy=helpful&formatType=all_formats&asin=B07YNTJ8ZM&reftag=cm_cr_arp_d_paging_btm_next_8&scope=reviewsAjax0,allStars,,B07YNTJ8ZM,B07YNTJ8ZM,B07YNTJ8ZM,"{'price': None, 'listPrice': None}",https://www.amazon.in//Zebronics-Zeb-County-Bluetooth-Speaker-Function/dp/B07YNTJ8ZM/ref=zg_bs_g_1389365031_d_sccl_16/262-4334605-4855948?psc=1,India,
Reviewed in India on 25 October 2024,amzn1.account.AEJXWOBSKWY364LTEAXJ5B2KIFPQ,https://www.amazon.in/gp/profile/amzn1.account.AEJXWOBSKWY364LTEAXJ5B2KIFPQ/ref=cm_cr_othr_d_gw_tr?ie=UTF8,4,very good,R20JU454IM5IIM,https://www.amazon.in/gp/customer-reviews/R20JU454IM5IIM/ref=cm_cr_othr_d_rvw_ttl?ie=UTF8&ASIN=B07YNTJ8ZM,,SOUND GOOD,True,False,[],2024-10-25,61,"Colour: Blue, Style Name: Zeb-County","[{'key': 'Colour', 'value': 'Blue'}, {'key': 'Style Name', 'value': 'Zeb-County'}]",,,https://www.amazon.in/product-reviews/B07YNTJ8ZM?pageNumber=8&filterByStar=all_stars&sortBy=helpful&formatType=all_formats&asin=B07YNTJ8ZM&reftag=cm_cr_arp_d_paging_btm_next_8&scope=reviewsAjax0,allStars,,B07YNTJ8ZM,B07YNTJ8ZM,B07YNTJ8ZM,"{'price': None, 'listPrice': None}",https://www.amazon.in//Zebronics-Zeb-County-Bluetooth-Speaker-Function/dp/B07YNTJ8ZM/ref=zg_bs_g_1389365031_d_sccl_16/262-4334605-4855948?psc=1,India,
Reviewed in India on 22 October 2024,amzn1.account.AHNYA4QYZ7T3H2T2L3LLIMZDUEJA,https://www.amazon.in/gp/profile/amzn1.account.AHNYA4QYZ7T3H2T2L3LLIMZDUEJA/ref=cm_cr_othr_d_gw_tr?ie=UTF8,4,Good Speaker,R1MKI1M3U7ZSD3,https://www.amazon.in/gp/customer-reviews/R1MKI1M3U7ZSD3/ref=cm_cr_othr_d_rvw_ttl?ie=UTF8&ASIN=B07YNTJ8ZM,,Amazing speaker with afordable price,True,False,[],2024-10-22,62,"Colour: Green, Style Name: Zeb-County","[{'key': 'Colour', 'value': 'Green'}, {'key': 'Style Name', 'value': 'Zeb-County'}]",,,https://www.amazon.in/product-reviews/B07YNTJ8ZM?pageNumber=8&filterByStar=all_stars&sortBy=helpful&formatType=all_formats&asin=B07YNTJ8ZM&reftag=cm_cr_arp_d_paging_btm_next_8&scope=reviewsAjax0,allStars,,B07YNTJ8ZM,B07YNTJ8ZM,B07YNTJ8ZM,"{'price': None, 'listPrice': None}",https://www.amazon.in//Zebronics-Zeb-County-Bluetooth-Speaker-Function/dp/B07YNTJ8ZM/ref=zg_bs_g_1389365031_d_sccl_16/262-4334605-4855948?psc=1,India,
Reviewed in India on 4 November 2024,amzn1.account.AGDBKDEA4R27GNSHV5OHBFBJRLTQ,https://www.amazon.in/gp/profile/amzn1.account.AGDBKDEA4R27GNSHV5OHBFBJRLTQ/ref=cm_cr_othr_d_gw_tr?ie=UTF8,3,Sounds quality,R1UDQO7UVDMVK2,https://www.amazon.in/gp/customer-reviews/R1UDQO7UVDMVK2/ref=cm_cr_othr_d_rvw_ttl?ie=UTF8&ASIN=B07YNTJ8ZM,One person found this helpful,Very compact and good looking but sound quality is not very great. But I guess that's what you get for that price.,True,False,[],2024-11-04,63,"Colour: Green, Style Name: Zeb-County","[{'key': 'Colour', 'value': 'Green'}, {'key': 'Style Name', 'value': 'Zeb-County'}]",,,https://www.amazon.in/product-reviews/B07YNTJ8ZM?pageNumber=8&filterByStar=all_stars&sortBy=helpful&formatType=all_formats&asin=B07YNTJ8ZM&reftag=cm_cr_arp_d_paging_btm_next_8&scope=reviewsAjax0,allStars,,B07YNTJ8ZM,B07YNTJ8ZM,B07YNTJ8ZM,"{'price': None, 'listPrice': None}",https://www.amazon.in//Zebronics-Zeb-County-Bluetooth-Speaker-Function/dp/B07YNTJ8ZM/ref=zg_bs_g_1389365031_d_sccl_16/262-4334605-4855948?psc=1,India,
Reviewed in India on 8 November 2024,amzn1.account.AEGJVSGM63BGHL6CV6VYMBSKVF7Q,https://www.amazon.in/gp/profile/amzn1.account.AEGJVSGM63BGHL6CV6VYMBSKVF7Q/ref=cm_cr_othr_d_gw_tr?ie=UTF8,3,Don't buy a 3w or 5w speaker at all.,R2OXFEUHUH1GOM,https://www.amazon.in/gp/customer-reviews/R2OXFEUHUH1GOM/ref=cm_cr_othr_d_rvw_ttl?ie=UTF8&ASIN=B07YNTJ8ZM,One person found this helpful,"Go for a 10w speaker, even if it costs 300-400 more. Sound quality is way less on this.",True,False,[],2024-11-08,64,"Colour: Green, Style Name: Zeb-County","[{'key': 'Colour', 'value': 'Green'}, {'key': 'Style Name', 'value': 'Zeb-County'}]",,,https://www.amazon.in/product-reviews/B07YNTJ8ZM?pageNumber=8&filterByStar=all_stars&sortBy=helpful&formatType=all_formats&asin=B07YNTJ8ZM&reftag=cm_cr_arp_d_paging_btm_next_8&scope=reviewsAjax0,allStars,,B07YNTJ8ZM,B07YNTJ8ZM,B07YNTJ8ZM,"{'price': None, 'listPrice': None}",https://www.amazon.in//Zebronics-Zeb-County-Bluetooth-Speaker-Function/dp/B07YNTJ8ZM/ref=zg_bs_g_1389365031_d_sccl_16/262-4334605-4855948?psc=1,India,
Reviewed in India on 26 October 2024,amzn1.account.AFLGQKOJHAPFGUBMQTXKD5ASCZBA,https://www.amazon.in/gp/profile/amzn1.account.AFLGQKOJHAPFGUBMQTXKD5ASCZBA/ref=cm_cr_othr_d_gw_tr?ie=UTF8,4,Sound quality is good,R2IHN9A45R5QSK,https://www.amazon.in/gp/customer-reviews/R2IHN9A45R5QSK/ref=cm_cr_othr_d_rvw_ttl?ie=UTF8&ASIN=B07YNTJ8ZM,,It's good,True,False,[],2024-10-26,49,"Colour: Green, Style Name: Zeb-County","[{'key': 'Colour', 'value': 'Green'}, {'key': 'Style Name', 'value': 'Zeb-County'}]",,,https://www.amazon.in/product-reviews/B07YNTJ8ZM?pageNumber=7&filterByStar=all_stars&sortBy=helpful&formatType=all_formats&asin=B07YNTJ8ZM&reftag=cm_cr_arp_d_paging_btm_next_7&scope=reviewsAjax0,allStars,,B07YNTJ8ZM,B07YNTJ8ZM,B07YNTJ8ZM,"{'price': None, 'listPrice': None}",https://www.amazon.in//Zebronics-Zeb-County-Bluetooth-Speaker-Function/dp/B07YNTJ8ZM/ref=zg_bs_g_1389365031_d_sccl_16/262-4334605-4855948?psc=1,India,
Reviewed in India on 23 October 2024,amzn1.account.AE3AOTORAVCZ2YEYA7WFJIPJ3N5Q,https://www.amazon.in/gp/profile/amzn1.account.AE3AOTORAVCZ2YEYA7WFJIPJ3N5Q/ref=cm_cr_othr_d_gw_tr?ie=UTF8,4,It's nice,R3S7YKJ4PNNSKZ,https://www.amazon.in/gp/customer-reviews/R3S7YKJ4PNNSKZ/ref=cm_cr_othr_d_rvw_ttl?ie=UTF8&ASIN=B07YNTJ8ZM,,Buy it for house usage,True,False,[],2024-10-23,50,"Colour: Green, Style Name: Zeb-County","[{'key': 'Colour', 'value': 'Green'}, {'key': 'Style Name', 'value': 'Zeb-County'}]",,,https://www.amazon.in/product-reviews/B07YNTJ8ZM?pageNumber=7&filterByStar=all_stars&sortBy=helpful&formatType=all_formats&asin=B07YNTJ8ZM&reftag=cm_cr_arp_d_paging_btm_next_7&scope=reviewsAjax0,allStars,,B07YNTJ8ZM,B07YNTJ8ZM,B07YNTJ8ZM,"{'price': None, 'listPrice': None}",https://www.amazon.in//Zebronics-Zeb-County-Bluetooth-Speaker-Function/dp/B07YNTJ8ZM/ref=zg_bs_g_1389365031_d_sccl_16/262-4334605-4855948?psc=1,India,
Reviewed in India on 8 October 2024,amzn1.account.AGDG3WAIDYHKH7Q74FL4V54ZSNJQ,https://www.amazon.in/gp/profile/amzn1.account.AGDG3WAIDYHKH7Q74FL4V54ZSNJQ/ref=cm_cr_othr_d_gw_tr?ie=UTF8,4,Value for money,RU5ATRV76Q0T9,https://www.amazon.in/gp/customer-reviews/RU5ATRV76Q0T9/ref=cm_cr_othr_d_rvw_ttl?ie=UTF8&ASIN=B07YNTJ8ZM,7 people found this helpful,"The media could not be loaded.
                
            
                
            
            
        
    
    








  
  
    ¬†Got it at Amazon sale for 349/- ,good for listining to Bhajans and Old vocal songs . A little bass and the sounds distorts or you have to reduce the volume",True,False,[],2024-10-08,51,"Colour: Blue, Style Name: Zeb-County","[{'key': 'Colour', 'value': 'Blue'}, {'key': 'Style Name', 'value': 'Zeb-County'}]",,,https://www.amazon.in/product-reviews/B07YNTJ8ZM?pageNumber=7&filterByStar=all_stars&sortBy=helpful&formatType=all_formats&asin=B07YNTJ8ZM&reftag=cm_cr_arp_d_paging_btm_next_7&scope=reviewsAjax0,allStars,,B07YNTJ8ZM,B07YNTJ8ZM,B07YNTJ8ZM,"{'price': None, 'listPrice': None}",https://www.amazon.in//Zebronics-Zeb-County-Bluetooth-Speaker-Function/dp/B07YNTJ8ZM/ref=zg_bs_g_1389365031_d_sccl_16/262-4334605-4855948?psc=1,India,
Reviewed in India on 28 October 2024,amzn1.account.AGBDC74ZKDJX4A2ISEIJBLA6DRTQ,https://www.amazon.in/gp/profile/amzn1.account.AGBDC74ZKDJX4A2ISEIJBLA6DRTQ/ref=cm_cr_othr_d_gw_tr?ie=UTF8,4,Super,R2BOCJBZWFEADP,https://www.amazon.in/gp/customer-reviews/R2BOCJBZWFEADP/ref=cm_cr_othr_d_rvw_ttl?ie=UTF8&ASIN=B07YNTJ8ZM,,Good product,True,False,[],2024-10-28,52,"Colour: Blue, Style Name: Zeb-County","[{'key': 'Colour', 'value': 'Blue'}, {'key': 'Style Name', 'value': 'Zeb-County'}]",,,https://www.amazon.in/product-reviews/B07YNTJ8ZM?pageNumber=7&filterByStar=all_stars&sortBy=helpful&formatType=all_formats&asin=B07YNTJ8ZM&reftag=cm_cr_arp_d_paging_btm_next_7&scope=reviewsAjax0,allStars,,B07YNTJ8ZM,B07YNTJ8ZM,B07YNTJ8ZM,"{'price': None, 'listPrice': None}",https://www.amazon.in//Zebronics-Zeb-County-Bluetooth-Speaker-Function/dp/B07YNTJ8ZM/ref=zg_bs_g_1389365031_d_sccl_16/262-4334605-4855948?psc=1,India,
Reviewed in India on 26 October 2024,amzn1.account.AGIRHKM6V4MOAGPK6YM35FIOGNBA,https://www.amazon.in/gp/profile/amzn1.account.AGIRHKM6V4MOAGPK6YM35FIOGNBA/ref=cm_cr_othr_d_gw_tr?ie=UTF8,4,Good,R2XHGNN2SU5HEM,https://www.amazon.in/gp/customer-reviews/R2XHGNN2SU5HEM/ref=cm_cr_othr_d_rvw_ttl?ie=UTF8&ASIN=B07YNTJ8ZM,,Good,True,False,[],2024-10-26,53,"Colour: Blue, Style Name: Zeb-County","[{'key': 'Colour', 'value': 'Blue'}, {'key': 'Style Name', 'value': 'Zeb-County'}]",,,https://www.amazon.in/product-reviews/B07YNTJ8ZM?pageNumber=7&filterByStar=all_stars&sortBy=helpful&formatType=all_formats&asin=B07YNTJ8ZM&reftag=cm_cr_arp_d_paging_btm_next_7&scope=reviewsAjax0,allStars,,B07YNTJ8ZM,B07YNTJ8ZM,B07YNTJ8ZM,"{'price': None, 'listPrice': None}",https://www.amazon.in//Zebronics-Zeb-County-Bluetooth-Speaker-Function/dp/B07YNTJ8ZM/ref=zg_bs_g_1389365031_d_sccl_16/262-4334605-4855948?psc=1,India,
Reviewed in India on 28 October 2024,amzn1.account.AGQMW4HPJZLJAGGZ5T6Z5LAKMZBQ,https://www.amazon.in/gp/profile/amzn1.account.AGQMW4HPJZLJAGGZ5T6Z5LAKMZBQ/ref=cm_cr_othr_d_gw_tr?ie=UTF8,4,Happy,RBQOD1P6Z5X8E,https://www.amazon.in/gp/customer-reviews/RBQOD1P6Z5X8E/ref=cm_cr_othr_d_rvw_ttl?ie=UTF8&ASIN=B07YNTJ8ZM,,Good,True,False,[],2024-10-28,54,"Colour: Blue, Style Name: Zeb-County","[{'key': 'Colour', 'value': 'Blue'}, {'key': 'Style Name', 'value': 'Zeb-County'}]",,,https://www.amazon.in/product-reviews/B07YNTJ8ZM?pageNumber=7&filterByStar=all_stars&sortBy=helpful&formatType=all_formats&asin=B07YNTJ8ZM&reftag=cm_cr_arp_d_paging_btm_next_7&scope=reviewsAjax0,allStars,,B07YNTJ8ZM,B07YNTJ8ZM,B07YNTJ8ZM,"{'price': None, 'listPrice': None}",https://www.amazon.in//Zebronics-Zeb-County-Bluetooth-Speaker-Function/dp/B07YNTJ8ZM/ref=zg_bs_g_1389365031_d_sccl_16/262-4334605-4855948?psc=1,India,
Reviewed in India on 30 October 2024,amzn1.account.AEM4IYYYFB6MY6MSIT2MJWSHPUEA,https://www.amazon.in/gp/profile/amzn1.account.AEM4IYYYFB6MY6MSIT2MJWSHPUEA/ref=cm_cr_othr_d_gw_tr?ie=UTF8,4,Nice product,R17S0AIKKUWKFS,https://www.amazon.in/gp/customer-reviews/R17S0AIKKUWKFS/ref=cm_cr_othr_d_rvw_ttl?ie=UTF8&ASIN=B07YNTJ8ZM,,Value for money,True,False,[],2024-10-30,55,"Colour: Black, Style Name: Zeb-County","[{'key': 'Colour', 'value': 'Black'}, {'key': 'Style Name', 'value': 'Zeb-County'}]",,,https://www.amazon.in/product-reviews/B07YNTJ8ZM?pageNumber=7&filterByStar=all_stars&sortBy=helpful&formatType=all_formats&asin=B07YNTJ8ZM&reftag=cm_cr_arp_d_paging_btm_next_7&scope=reviewsAjax0,allStars,,B07YNTJ8ZM,B07YNTJ8ZM,B07YNTJ8ZM,"{'price': None, 'listPrice': None}",https://www.amazon.in//Zebronics-Zeb-County-Bluetooth-Speaker-Function/dp/B07YNTJ8ZM/ref=zg_bs_g_1389365031_d_sccl_16/262-4334605-4855948?psc=1,India,
Reviewed in India on 21 November 2024,amzn1.account.AFSTVIRDG5XKJTZSSBFASBOCH62Q,https://www.amazon.in/gp/profile/amzn1.account.AFSTVIRDG5XKJTZSSBFASBOCH62Q/ref=cm_cr_othr_d_gw_tr?ie=UTF8,3,There is no aux port,R2YJ4Z4CF2DJUT,https://www.amazon.in/gp/customer-reviews/R2YJ4Z4CF2DJUT/ref=cm_cr_othr_d_rvw_ttl?ie=UTF8&ASIN=B07YNTJ8ZM,,This product describe to have aux connectivity but does not have aux port,True,False,[],2024-11-21,56,"Colour: Grey, Style Name: Zeb-County","[{'key': 'Colour', 'value': 'Grey'}, {'key': 'Style Name', 'value': 'Zeb-County'}]",,,https://www.amazon.in/product-reviews/B07YNTJ8ZM?pageNumber=7&filterByStar=all_stars&sortBy=helpful&formatType=all_formats&asin=B07YNTJ8ZM&reftag=cm_cr_arp_d_paging_btm_next_7&scope=reviewsAjax0,allStars,,B07YNTJ8ZM,B07YNTJ8ZM,B07YNTJ8ZM,"{'price': None, 'listPrice': None}",https://www.amazon.in//Zebronics-Zeb-County-Bluetooth-Speaker-Function/dp/B07YNTJ8ZM/ref=zg_bs_g_1389365031_d_sccl_16/262-4334605-4855948?psc=1,India,
Reviewed in India on 3 December 2024,amzn1.account.AHIKW4KZBFIRXN4HGBO2CNP4Z2QA,https://www.amazon.in/gp/profile/amzn1.account.AHIKW4KZBFIRXN4HGBO2CNP4Z2QA/ref=cm_cr_othr_d_gw_tr?ie=UTF8,3,AUX CABLE,RK5BP5O17LBKL,https://www.amazon.in/gp/customer-reviews/RK5BP5O17LBKL/ref=cm_cr_othr_d_rvw_ttl?ie=UTF8&ASIN=B07YNTJ8ZM,One person found this helpful,"The media could not be loaded.
                
            
                
            
            
        
    
    








  
  
    ¬†Everything works fine but i did not receive the correct cable. As mentioned and in the video provided above the cable with AUX and type-c charging is present but i got only charger. My PC only supports Bluetooth version 4.0 so when it connected it makes cracking sound but thsi product works well with my mobile phone as it has version 5.0.  Please provide me the correct cables.",True,False,[],2024-12-03,25,"Colour: Black, Style Name: Zeb-County","[{'key': 'Colour', 'value': 'Black'}, {'key': 'Style Name', 'value': 'Zeb-County'}]",,,https://www.amazon.in/product-reviews/B07YNTJ8ZM?pageNumber=4&filterByStar=all_stars&sortBy=helpful&formatType=all_formats&asin=B07YNTJ8ZM&reftag=cm_cr_arp_d_paging_btm_next_4&scope=reviewsAjax0,allStars,,B07YNTJ8ZM,B07YNTJ8ZM,B07YNTJ8ZM,"{'price': None, 'listPrice': None}",https://www.amazon.in//Zebronics-Zeb-County-Bluetooth-Speaker-Function/dp/B07YNTJ8ZM/ref=zg_bs_g_1389365031_d_sccl_16/262-4334605-4855948?psc=1,India,
Reviewed in India on 6 January 2025,amzn1.account.AEP2BGYOHHIIHSPFUEFDGZKAP2HQ,https://www.amazon.in/gp/profile/amzn1.account.AEP2BGYOHHIIHSPFUEFDGZKAP2HQ/ref=cm_cr_othr_d_gw_tr?ie=UTF8,3,Built quality was very weak and sound is low according to the price,R1D8EKULEFESP1,https://www.amazon.in/gp/customer-reviews/R1D8EKULEFESP1/ref=cm_cr_othr_d_rvw_ttl?ie=UTF8&ASIN=B07YNTJ8ZM,,Built quality is very weak,True,False,[],2025-01-06,26,"Colour: Black, Style Name: Zeb-County","[{'key': 'Colour', 'value': 'Black'}, {'key': 'Style Name', 'value': 'Zeb-County'}]",,,https://www.amazon.in/product-reviews/B07YNTJ8ZM?pageNumber=4&filterByStar=all_stars&sortBy=helpful&formatType=all_formats&asin=B07YNTJ8ZM&reftag=cm_cr_arp_d_paging_btm_next_4&scope=reviewsAjax0,allStars,,B07YNTJ8ZM,B07YNTJ8ZM,B07YNTJ8ZM,"{'price': None, 'listPrice': None}",https://www.amazon.in//Zebronics-Zeb-County-Bluetooth-Speaker-Function/dp/B07YNTJ8ZM/ref=zg_bs_g_1389365031_d_sccl_16/262-4334605-4855948?psc=1,India,
Reviewed in India on 1 December 2024,amzn1.account.AEXYCJXNK2FUI3IQCHG3TZEXF2LQ,https://www.amazon.in/gp/profile/amzn1.account.AEXYCJXNK2FUI3IQCHG3TZEXF2LQ/ref=cm_cr_othr_d_gw_tr?ie=UTF8,4,"Good sound, happy",R3KQQNZ8YWIA85,https://www.amazon.in/gp/customer-reviews/R3KQQNZ8YWIA85/ref=cm_cr_othr_d_rvw_ttl?ie=UTF8&ASIN=B07YNTJ8ZM,,"Packing was bad .... But other wise, happy with the sound quality and the price",True,False,"['https://m.media-amazon.com/images/I/61XdbWDaUZL._SY88.jpg', 'https://m.media-amazon.com/images/I/71ZaSmA5WAL._SY88.jpg']",2024-12-01,27,"Colour: Blue, Style Name: Zeb-County","[{'key': 'Colour', 'value': 'Blue'}, {'key': 'Style Name', 'value': 'Zeb-County'}]",,,https://www.amazon.in/product-reviews/B07YNTJ8ZM?pageNumber=4&filterByStar=all_stars&sortBy=helpful&formatType=all_formats&asin=B07YNTJ8ZM&reftag=cm_cr_arp_d_paging_btm_next_4&scope=reviewsAjax0,allStars,,B07YNTJ8ZM,B07YNTJ8ZM,B07YNTJ8ZM,"{'price': None, 'listPrice': None}",https://www.amazon.in//Zebronics-Zeb-County-Bluetooth-Speaker-Function/dp/B07YNTJ8ZM/ref=zg_bs_g_1389365031_d_sccl_16/262-4334605-4855948?psc=1,India,
Reviewed in India on 22 November 2024,amzn1.account.AH2ILCYCLGEDXPI66Q7KU7PTQAGA,https://www.amazon.in/gp/profile/amzn1.account.AH2ILCYCLGEDXPI66Q7KU7PTQAGA/ref=cm_cr_othr_d_gw_tr?ie=UTF8,4,Pick anywhere,R3Q9383Z13DP2B,https://www.amazon.in/gp/customer-reviews/R3Q9383Z13DP2B/ref=cm_cr_othr_d_rvw_ttl?ie=UTF8&ASIN=B07YNTJ8ZM,,"Light weight product  good condition, up to date delivery",True,False,[],2024-11-22,28,"Colour: Black, Style Name: Zeb-County","[{'key': 'Colour', 'value': 'Black'}, {'key': 'Style Name', 'value': 'Zeb-County'}]",,,https://www.amazon.in/product-reviews/B07YNTJ8ZM?pageNumber=4&filterByStar=all_stars&sortBy=helpful&formatType=all_formats&asin=B07YNTJ8ZM&reftag=cm_cr_arp_d_paging_btm_next_4&scope=reviewsAjax0,allStars,,B07YNTJ8ZM,B07YNTJ8ZM,B07YNTJ8ZM,"{'price': None, 'listPrice': None}",https://www.amazon.in//Zebronics-Zeb-County-Bluetooth-Speaker-Function/dp/B07YNTJ8ZM/ref=zg_bs_g_1389365031_d_sccl_16/262-4334605-4855948?psc=1,India,
Reviewed in India on 23 November 2024,amzn1.account.AFV2KG2DFT3PMO6IIWBCYZCEO7EA,https://www.amazon.in/gp/profile/amzn1.account.AFV2KG2DFT3PMO6IIWBCYZCEO7EA/ref=cm_cr_othr_d_gw_tr?ie=UTF8,4,Nice,R3TMMPIDHVJAII,https://www.amazon.in/gp/customer-reviews/R3TMMPIDHVJAII/ref=cm_cr_othr_d_rvw_ttl?ie=UTF8&ASIN=B07YNTJ8ZM,,Very useful and handy.,True,False,[],2024-11-23,29,"Colour: Grey, Style Name: Zeb-County","[{'key': 'Colour', 'value': 'Grey'}, {'key': 'Style Name', 'value': 'Zeb-County'}]",,,https://www.amazon.in/product-reviews/B07YNTJ8ZM?pageNumber=4&filterByStar=all_stars&sortBy=helpful&formatType=all_formats&asin=B07YNTJ8ZM&reftag=cm_cr_arp_d_paging_btm_next_4&scope=reviewsAjax0,allStars,,B07YNTJ8ZM,B07YNTJ8ZM,B07YNTJ8ZM,"{'price': None, 'listPrice': None}",https://www.amazon.in//Zebronics-Zeb-County-Bluetooth-Speaker-Function/dp/B07YNTJ8ZM/ref=zg_bs_g_1389365031_d_sccl_16/262-4334605-4855948?psc=1,India,
Reviewed in India on 23 November 2024,amzn1.account.AHU6MYNGC7K5MKTAEC6472MPL7PQ,https://www.amazon.in/gp/profile/amzn1.account.AHU6MYNGC7K5MKTAEC6472MPL7PQ/ref=cm_cr_othr_d_gw_tr?ie=UTF8,4,Good product,R1PPZRHZ6F8E9C,https://www.amazon.in/gp/customer-reviews/R1PPZRHZ6F8E9C/ref=cm_cr_othr_d_rvw_ttl?ie=UTF8&ASIN=B07YNTJ8ZM,,Value for money,True,False,[],2024-11-23,30,"Colour: Black, Style Name: Zeb-County","[{'key': 'Colour', 'value': 'Black'}, {'key': 'Style Name', 'value': 'Zeb-County'}]",,,https://www.amazon.in/product-reviews/B07YNTJ8ZM?pageNumber=4&filterByStar=all_stars&sortBy=helpful&formatType=all_formats&asin=B07YNTJ8ZM&reftag=cm_cr_arp_d_paging_btm_next_4&scope=reviewsAjax0,allStars,,B07YNTJ8ZM,B07YNTJ8ZM,B07YNTJ8ZM,"{'price': None, 'listPrice': None}",https://www.amazon.in//Zebronics-Zeb-County-Bluetooth-Speaker-Function/dp/B07YNTJ8ZM/ref=zg_bs_g_1389365031_d_sccl_16/262-4334605-4855948?psc=1,India,
Reviewed in India on 21 November 2024,amzn1.account.AH2UEAT2T5YXLSMWDKWQJEV2BZHQ,https://www.amazon.in/gp/profile/amzn1.account.AH2UEAT2T5YXLSMWDKWQJEV2BZHQ/ref=cm_cr_othr_d_gw_tr?ie=UTF8,4,Working good,R2E9PUH7U7TUJA,https://www.amazon.in/gp/customer-reviews/R2E9PUH7U7TUJA/ref=cm_cr_othr_d_rvw_ttl?ie=UTF8&ASIN=B07YNTJ8ZM,,Nice,True,False,[],2024-11-21,31,"Colour: Green, Style Name: Zeb-County","[{'key': 'Colour', 'value': 'Green'}, {'key': 'Style Name', 'value': 'Zeb-County'}]",,,https://www.amazon.in/product-reviews/B07YNTJ8ZM?pageNumber=4&filterByStar=all_stars&sortBy=helpful&formatType=all_formats&asin=B07YNTJ8ZM&reftag=cm_cr_arp_d_paging_btm_next_4&scope=reviewsAjax0,allStars,,B07YNTJ8ZM,B07YNTJ8ZM,B07YNTJ8ZM,"{'price': None, 'listPrice': None}",https://www.amazon.in//Zebronics-Zeb-County-Bluetooth-Speaker-Function/dp/B07YNTJ8ZM/ref=zg_bs_g_1389365031_d_sccl_16/262-4334605-4855948?psc=1,India,
Reviewed in India on 14 November 2024,amzn1.account.AEU5JXUKT7QGOWTPVA3LXWWYBB3A,https://www.amazon.in/gp/profile/amzn1.account.AEU5JXUKT7QGOWTPVA3LXWWYBB3A/ref=cm_cr_othr_d_gw_tr?ie=UTF8,4,Good one at this price range,RFOTNHC3AT39A,https://www.amazon.in/gp/customer-reviews/RFOTNHC3AT39A/ref=cm_cr_othr_d_rvw_ttl?ie=UTF8&ASIN=B07YNTJ8ZM,2 people found this helpful,"Good product at this price range, one of the best speakers under 500 for sure.",True,False,[],2024-11-14,32,"Colour: Green, Style Name: Zeb-County","[{'key': 'Colour', 'value': 'Green'}, {'key': 'Style Name', 'value': 'Zeb-County'}]",,,https://www.amazon.in/product-reviews/B07YNTJ8ZM?pageNumber=4&filterByStar=all_stars&sortBy=helpful&formatType=all_formats&asin=B07YNTJ8ZM&reftag=cm_cr_arp_d_paging_btm_next_4&scope=reviewsAjax0,allStars,,B07YNTJ8ZM,B07YNTJ8ZM,B07YNTJ8ZM,"{'price': None, 'listPrice': None}",https://www.amazon.in//Zebronics-Zeb-County-Bluetooth-Speaker-Function/dp/B07YNTJ8ZM/ref=zg_bs_g_1389365031_d_sccl_16/262-4334605-4855948?psc=1,India,
Reviewed in India on 22 October 2024,amzn1.account.AGTZP46BUHQVH7RU3QK46MEUKBWA,https://www.amazon.in/gp/profile/amzn1.account.AGTZP46BUHQVH7RU3QK46MEUKBWA/ref=cm_cr_othr_d_gw_tr?ie=UTF8,3,Good,R2RUMYVAH8SESY,https://www.amazon.in/gp/customer-reviews/R2RUMYVAH8SESY/ref=cm_cr_othr_d_rvw_ttl?ie=UTF8&ASIN=B07YNTJ8ZM,,Its over all good product as per 450 rupees. But I have to take much care if button will be lose after rough use or charging socket will wear and tear.over all very good .expecting to use carefully for 4 years,True,False,[],2024-10-22,65,"Colour: Green, Style Name: Zeb-County","[{'key': 'Colour', 'value': 'Green'}, {'key': 'Style Name', 'value': 'Zeb-County'}]",,,https://www.amazon.in/product-reviews/B07YNTJ8ZM?pageNumber=9&filterByStar=all_stars&sortBy=helpful&formatType=all_formats&asin=B07YNTJ8ZM&reftag=cm_cr_arp_d_paging_btm_next_9&scope=reviewsAjax0,allStars,,B07YNTJ8ZM,B07YNTJ8ZM,B07YNTJ8ZM,"{'price': None, 'listPrice': None}",https://www.amazon.in//Zebronics-Zeb-County-Bluetooth-Speaker-Function/dp/B07YNTJ8ZM/ref=zg_bs_g_1389365031_d_sccl_16/262-4334605-4855948?psc=1,India,
Reviewed in India on 25 September 2024,amzn1.account.AHLAI2DWTSGD6SG2TXMNO5OV55UA,https://www.amazon.in/gp/profile/amzn1.account.AHLAI2DWTSGD6SG2TXMNO5OV55UA/ref=cm_cr_othr_d_gw_tr?ie=UTF8,4,Good Product,R14JF3XK8L9COG,https://www.amazon.in/gp/customer-reviews/R14JF3XK8L9COG/ref=cm_cr_othr_d_rvw_ttl?ie=UTF8&ASIN=B07YNTJ8ZM,,Bought black color. Delivered today. Did not use so far. Build quality seems nice. Sound is ok ok rather good for the price I paid. Packing box is nice.  Got it for ‚Çπ399 which is a very good and fair price.,True,False,[],2024-09-25,66,"Colour: Black, Style Name: Zeb-County","[{'key': 'Colour', 'value': 'Black'}, {'key': 'Style Name', 'value': 'Zeb-County'}]",,,https://www.amazon.in/product-reviews/B07YNTJ8ZM?pageNumber=9&filterByStar=all_stars&sortBy=helpful&formatType=all_formats&asin=B07YNTJ8ZM&reftag=cm_cr_arp_d_paging_btm_next_9&scope=reviewsAjax0,allStars,,B07YNTJ8ZM,B07YNTJ8ZM,B07YNTJ8ZM,"{'price': None, 'listPrice': None}",https://www.amazon.in//Zebronics-Zeb-County-Bluetooth-Speaker-Function/dp/B07YNTJ8ZM/ref=zg_bs_g_1389365031_d_sccl_16/262-4334605-4855948?psc=1,India,
Reviewed in India on 3 November 2024,amzn1.account.AGX754VEUXSHM7ST75NGMJIFZC7Q,https://www.amazon.in/gp/profile/amzn1.account.AGX754VEUXSHM7ST75NGMJIFZC7Q/ref=cm_cr_othr_d_gw_tr?ie=UTF8,3,Good,R3DMJEOMDD95RR,https://www.amazon.in/gp/customer-reviews/R3DMJEOMDD95RR/ref=cm_cr_othr_d_rvw_ttl?ie=UTF8&ASIN=B07YNTJ8ZM,,Not as expected but good enough too with quality as of money,True,False,[],2024-11-03,67,"Colour: Blue, Style Name: Zeb-County","[{'key': 'Colour', 'value': 'Blue'}, {'key': 'Style Name', 'value': 'Zeb-County'}]",,,https://www.amazon.in/product-reviews/B07YNTJ8ZM?pageNumber=9&filterByStar=all_stars&sortBy=helpful&formatType=all_formats&asin=B07YNTJ8ZM&reftag=cm_cr_arp_d_paging_btm_next_9&scope=reviewsAjax0,allStars,,B07YNTJ8ZM,B07YNTJ8ZM,B07YNTJ8ZM,"{'price': None, 'listPrice': None}",https://www.amazon.in//Zebronics-Zeb-County-Bluetooth-Speaker-Function/dp/B07YNTJ8ZM/ref=zg_bs_g_1389365031_d_sccl_16/262-4334605-4855948?psc=1,India,
Reviewed in India on 11 November 2024,amzn1.account.AEALVNMXB2H52TSVSTCYOSYHOL5A,https://www.amazon.in/gp/profile/amzn1.account.AEALVNMXB2H52TSVSTCYOSYHOL5A/ref=cm_cr_othr_d_gw_tr?ie=UTF8,3,Stopped working,RPKU0B1WX6O8U,https://www.amazon.in/gp/customer-reviews/RPKU0B1WX6O8U/ref=cm_cr_othr_d_rvw_ttl?ie=UTF8&ASIN=B07YNTJ8ZM,,After this long time it stopped working but average product,True,False,[],2024-11-11,68,"Colour: Black, Style Name: Zeb-County","[{'key': 'Colour', 'value': 'Black'}, {'key': 'Style Name', 'value': 'Zeb-County'}]",,,https://www.amazon.in/product-reviews/B07YNTJ8ZM?pageNumber=9&filterByStar=all_stars&sortBy=helpful&formatType=all_formats&asin=B07YNTJ8ZM&reftag=cm_cr_arp_d_paging_btm_next_9&scope=reviewsAjax0,allStars,,B07YNTJ8ZM,B07YNTJ8ZM,B07YNTJ8ZM,"{'price': None, 'listPrice': None}",https://www.amazon.in//Zebronics-Zeb-County-Bluetooth-Speaker-Function/dp/B07YNTJ8ZM/ref=zg_bs_g_1389365031_d_sccl_16/262-4334605-4855948?psc=1,India,
Reviewed in India on 10 October 2024,amzn1.account.AHYMV3GB5RVTTHIVWDHTG42M2SZA,https://www.amazon.in/gp/profile/amzn1.account.AHYMV3GB5RVTTHIVWDHTG42M2SZA/ref=cm_cr_othr_d_gw_tr?ie=UTF8,4,Size,RI1EXGMKP9JWL,https://www.amazon.in/gp/customer-reviews/RI1EXGMKP9JWL/ref=cm_cr_othr_d_rvw_ttl?ie=UTF8&ASIN=B07YNTJ8ZM,,Overall good product in this price range,True,False,"['https://m.media-amazon.com/images/I/61dkBUg8boL._SY88.jpg', 'https://m.media-amazon.com/images/I/71BEVsbr+XL._SY88.jpg']",2024-10-10,69,"Colour: Black, Style Name: Zeb-County","[{'key': 'Colour', 'value': 'Black'}, {'key': 'Style Name', 'value': 'Zeb-County'}]",,,https://www.amazon.in/product-reviews/B07YNTJ8ZM?pageNumber=9&filterByStar=all_stars&sortBy=helpful&formatType=all_formats&asin=B07YNTJ8ZM&reftag=cm_cr_arp_d_paging_btm_next_9&scope=reviewsAjax0,allStars,,B07YNTJ8ZM,B07YNTJ8ZM,B07YNTJ8ZM,"{'price': None, 'listPrice': None}",https://www.amazon.in//Zebronics-Zeb-County-Bluetooth-Speaker-Function/dp/B07YNTJ8ZM/ref=zg_bs_g_1389365031_d_sccl_16/262-4334605-4855948?psc=1,India,
Reviewed in India on 13 January 2025,amzn1.account.AHHCLWNS3ZJHFBN773AHNN7QQL6A,https://www.amazon.in/gp/profile/amzn1.account.AHHCLWNS3ZJHFBN773AHNN7QQL6A/ref=cm_cr_othr_d_gw_tr?ie=UTF8,5,Awosame,R2X49A4NZD06K6,https://www.amazon.in/gp/customer-reviews/R2X49A4NZD06K6/ref=cm_cr_othr_d_rvw_ttl?ie=UTF8&ASIN=B07YNTJ8ZM,,Awosame speaker under five hundred,True,False,[],2025-01-13,70,"Colour: Black, Style Name: Zeb-County","[{'key': 'Colour', 'value': 'Black'}, {'key': 'Style Name', 'value': 'Zeb-County'}]",,,https://www.amazon.in/product-reviews/B07YNTJ8ZM?pageNumber=9&filterByStar=all_stars&sortBy=helpful&formatType=all_formats&asin=B07YNTJ8ZM&reftag=cm_cr_arp_d_paging_btm_next_9&scope=reviewsAjax0,allStars,,B07YNTJ8ZM,B07YNTJ8ZM,B07YNTJ8ZM,"{'price': None, 'listPrice': None}",https://www.amazon.in//Zebronics-Zeb-County-Bluetooth-Speaker-Function/dp/B07YNTJ8ZM/ref=zg_bs_g_1389365031_d_sccl_16/262-4334605-4855948?psc=1,India,
Reviewed in India on 10 October 2024,amzn1.account.AGS6C75CHPTCTUXYISNZ2RIZZTWA,https://www.amazon.in/gp/profile/amzn1.account.AGS6C75CHPTCTUXYISNZ2RIZZTWA/ref=cm_cr_othr_d_gw_tr?ie=UTF8,4,Best quality,R2C4WRLAZ4K4HY,https://www.amazon.in/gp/customer-reviews/R2C4WRLAZ4K4HY/ref=cm_cr_othr_d_rvw_ttl?ie=UTF8&ASIN=B07YNTJ8ZM,,The price matches are expectations and the quality too.,True,False,[],2024-10-10,71,"Colour: Red, Style Name: Zeb-County","[{'key': 'Colour', 'value': 'Red'}, {'key': 'Style Name', 'value': 'Zeb-County'}]",,,https://www.amazon.in/product-reviews/B07YNTJ8ZM?pageNumber=9&filterByStar=all_stars&sortBy=helpful&formatType=all_formats&asin=B07YNTJ8ZM&reftag=cm_cr_arp_d_paging_btm_next_9&scope=reviewsAjax0,allStars,,B07YNTJ8ZM,B07YNTJ8ZM,B07YNTJ8ZM,"{'price': None, 'listPrice': None}",https://www.amazon.in//Zebronics-Zeb-County-Bluetooth-Speaker-Function/dp/B07YNTJ8ZM/ref=zg_bs_g_1389365031_d_sccl_16/262-4334605-4855948?psc=1,India,
Reviewed in India on 25 October 2024,amzn1.account.AFH637ULELEPNKYC4N7VBDO5BU2Q,https://www.amazon.in/gp/profile/amzn1.account.AFH637ULELEPNKYC4N7VBDO5BU2Q/ref=cm_cr_othr_d_gw_tr?ie=UTF8,4,Excellent product,R3SKHKNEVLIVVV,https://www.amazon.in/gp/customer-reviews/R3SKHKNEVLIVVV/ref=cm_cr_othr_d_rvw_ttl?ie=UTF8&ASIN=B07YNTJ8ZM,2 people found this helpful,The media could not be loaded.,True,False,[],2024-10-25,72,"Colour: Green, Style Name: Zeb-County","[{'key': 'Colour', 'value': 'Green'}, {'key': 'Style Name', 'value': 'Zeb-County'}]",,,https://www.amazon.in/product-reviews/B07YNTJ8ZM?pageNumber=9&filterByStar=all_stars&sortBy=helpful&formatType=all_formats&asin=B07YNTJ8ZM&reftag=cm_cr_arp_d_paging_btm_next_9&scope=reviewsAjax0,allStars,,B07YNTJ8ZM,B07YNTJ8ZM,B07YNTJ8ZM,"{'price': None, 'listPrice': None}",https://www.amazon.in//Zebronics-Zeb-County-Bluetooth-Speaker-Function/dp/B07YNTJ8ZM/ref=zg_bs_g_1389365031_d_sccl_16/262-4334605-4855948?psc=1,India,
Reviewed in India on 27 October 2024,amzn1.account.AEIUTTXRI3XVP6RFGXPU5D47KY2A,https://www.amazon.in/gp/profile/amzn1.account.AEIUTTXRI3XVP6RFGXPU5D47KY2A/ref=cm_cr_othr_d_gw_tr?ie=UTF8,4,Control buttons are not very good,R177L581GJ8QGP,https://www.amazon.in/gp/customer-reviews/R177L581GJ8QGP/ref=cm_cr_othr_d_rvw_ttl?ie=UTF8&ASIN=B07YNTJ8ZM,,A very good product for this price range. Volume output is good but the volume control buttons are a little slow to respond.,True,False,[],2024-10-27,41,"Colour: Black, Style Name: Zeb-County","[{'key': 'Colour', 'value': 'Black'}, {'key': 'Style Name', 'value': 'Zeb-County'}]",,,https://www.amazon.in/product-reviews/B07YNTJ8ZM?pageNumber=6&filterByStar=all_stars&sortBy=helpful&formatType=all_formats&asin=B07YNTJ8ZM&reftag=cm_cr_arp_d_paging_btm_next_6&scope=reviewsAjax0,allStars,,B07YNTJ8ZM,B07YNTJ8ZM,B07YNTJ8ZM,"{'price': None, 'listPrice': None}",https://www.amazon.in//Zebronics-Zeb-County-Bluetooth-Speaker-Function/dp/B07YNTJ8ZM/ref=zg_bs_g_1389365031_d_sccl_16/262-4334605-4855948?psc=1,India,
Reviewed in India on 1 November 2024,amzn1.account.AGW7AV3LBLEWJY3K5LHHXQOX7URQ,https://www.amazon.in/gp/profile/amzn1.account.AGW7AV3LBLEWJY3K5LHHXQOX7URQ/ref=cm_cr_othr_d_gw_tr?ie=UTF8,4,Chhota pack badha dhamaka,R37RTZMUB0FW6B,https://www.amazon.in/gp/customer-reviews/R37RTZMUB0FW6B/ref=cm_cr_othr_d_rvw_ttl?ie=UTF8&ASIN=B07YNTJ8ZM,One person found this helpful,Sound quality is good.I bought it for 499.,True,False,"['https://m.media-amazon.com/images/I/61VSUKwiuXL._SY88.jpg', 'https://m.media-amazon.com/images/I/7186-9eewAL._SY88.jpg']",2024-11-01,42,"Colour: Blue, Style Name: Zeb-County","[{'key': 'Colour', 'value': 'Blue'}, {'key': 'Style Name', 'value': 'Zeb-County'}]",,,https://www.amazon.in/product-reviews/B07YNTJ8ZM?pageNumber=6&filterByStar=all_stars&sortBy=helpful&formatType=all_formats&asin=B07YNTJ8ZM&reftag=cm_cr_arp_d_paging_btm_next_6&scope=reviewsAjax0,allStars,,B07YNTJ8ZM,B07YNTJ8ZM,B07YNTJ8ZM,"{'price': None, 'listPrice': None}",https://www.amazon.in//Zebronics-Zeb-County-Bluetooth-Speaker-Function/dp/B07YNTJ8ZM/ref=zg_bs_g_1389365031_d_sccl_16/262-4334605-4855948?psc=1,India,
Reviewed in India on 5 November 2024,amzn1.account.AHTQZKZ6TAXYZZOZRJM27OATANNA,https://www.amazon.in/gp/profile/amzn1.account.AHTQZKZ6TAXYZZOZRJM27OATANNA/ref=cm_cr_othr_d_gw_tr?ie=UTF8,4,Sound quality,R8UB611RH9V9K,https://www.amazon.in/gp/customer-reviews/R8UB611RH9V9K/ref=cm_cr_othr_d_rvw_ttl?ie=UTF8&ASIN=B07YNTJ8ZM,,Average sound quality,True,False,[],2024-11-05,43,"Colour: Black, Style Name: Zeb-County","[{'key': 'Colour', 'value': 'Black'}, {'key': 'Style Name', 'value': 'Zeb-County'}]",,,https://www.amazon.in/product-reviews/B07YNTJ8ZM?pageNumber=6&filterByStar=all_stars&sortBy=helpful&formatType=all_formats&asin=B07YNTJ8ZM&reftag=cm_cr_arp_d_paging_btm_next_6&scope=reviewsAjax0,allStars,,B07YNTJ8ZM,B07YNTJ8ZM,B07YNTJ8ZM,"{'price': None, 'listPrice': None}",https://www.amazon.in//Zebronics-Zeb-County-Bluetooth-Speaker-Function/dp/B07YNTJ8ZM/ref=zg_bs_g_1389365031_d_sccl_16/262-4334605-4855948?psc=1,India,
Reviewed in India on 4 December 2024,amzn1.account.AEUA5HINUIZP6YRSCZVWPF5OVLTQ,https://www.amazon.in/gp/profile/amzn1.account.AEUA5HINUIZP6YRSCZVWPF5OVLTQ/ref=cm_cr_othr_d_gw_tr?ie=UTF8,3,Good quality,R3XQHD514GWVC,https://www.amazon.in/gp/customer-reviews/R3XQHD514GWVC/ref=cm_cr_othr_d_rvw_ttl?ie=UTF8&ASIN=B07YNTJ8ZM,,Nice sound quality,True,False,[],2024-12-04,44,"Colour: Black, Style Name: Zeb-County","[{'key': 'Colour', 'value': 'Black'}, {'key': 'Style Name', 'value': 'Zeb-County'}]",,,https://www.amazon.in/product-reviews/B07YNTJ8ZM?pageNumber=6&filterByStar=all_stars&sortBy=helpful&formatType=all_formats&asin=B07YNTJ8ZM&reftag=cm_cr_arp_d_paging_btm_next_6&scope=reviewsAjax0,allStars,,B07YNTJ8ZM,B07YNTJ8ZM,B07YNTJ8ZM,"{'price': None, 'listPrice': None}",https://www.amazon.in//Zebronics-Zeb-County-Bluetooth-Speaker-Function/dp/B07YNTJ8ZM/ref=zg_bs_g_1389365031_d_sccl_16/262-4334605-4855948?psc=1,India,
Reviewed in India on 26 October 2024,amzn1.account.AGLLAZUIHUWK6GR7DDXU7TDXFVHA,https://www.amazon.in/gp/profile/amzn1.account.AGLLAZUIHUWK6GR7DDXU7TDXFVHA/ref=cm_cr_othr_d_gw_tr?ie=UTF8,4,Worth for price,R3B19MSDFV7PJS,https://www.amazon.in/gp/customer-reviews/R3B19MSDFV7PJS/ref=cm_cr_othr_d_rvw_ttl?ie=UTF8&ASIN=B07YNTJ8ZM,,Hey its really cool üòé. Worth for this price and its very affordable to us(middle class )üî•,True,False,['https://m.media-amazon.com/images/I/71CftLyMQsL._SY88.jpg'],2024-10-26,45,"Colour: Black, Style Name: Zeb-County","[{'key': 'Colour', 'value': 'Black'}, {'key': 'Style Name', 'value': 'Zeb-County'}]",,,https://www.amazon.in/product-reviews/B07YNTJ8ZM?pageNumber=6&filterByStar=all_stars&sortBy=helpful&formatType=all_formats&asin=B07YNTJ8ZM&reftag=cm_cr_arp_d_paging_btm_next_6&scope=reviewsAjax0,allStars,,B07YNTJ8ZM,B07YNTJ8ZM,B07YNTJ8ZM,"{'price': None, 'listPrice': None}",https://www.amazon.in//Zebronics-Zeb-County-Bluetooth-Speaker-Function/dp/B07YNTJ8ZM/ref=zg_bs_g_1389365031_d_sccl_16/262-4334605-4855948?psc=1,India,
Reviewed in India on 4 November 2024,amzn1.account.AEM66DKS42DTHEAR4WXLBBYNX5GQ,https://www.amazon.in/gp/profile/amzn1.account.AEM66DKS42DTHEAR4WXLBBYNX5GQ/ref=cm_cr_othr_d_gw_tr?ie=UTF8,4,good,R19NHWVKU5DJUS,https://www.amazon.in/gp/customer-reviews/R19NHWVKU5DJUS/ref=cm_cr_othr_d_rvw_ttl?ie=UTF8&ASIN=B07YNTJ8ZM,,good,True,False,[],2024-11-04,46,"Colour: Black, Style Name: Zeb-County","[{'key': 'Colour', 'value': 'Black'}, {'key': 'Style Name', 'value': 'Zeb-County'}]",,,https://www.amazon.in/product-reviews/B07YNTJ8ZM?pageNumber=6&filterByStar=all_stars&sortBy=helpful&formatType=all_formats&asin=B07YNTJ8ZM&reftag=cm_cr_arp_d_paging_btm_next_6&scope=reviewsAjax0,allStars,,B07YNTJ8ZM,B07YNTJ8ZM,B07YNTJ8ZM,"{'price': None, 'listPrice': None}",https://www.amazon.in//Zebronics-Zeb-County-Bluetooth-Speaker-Function/dp/B07YNTJ8ZM/ref=zg_bs_g_1389365031_d_sccl_16/262-4334605-4855948?psc=1,India,
Reviewed in India on 31 October 2024,amzn1.account.AFYAQB4P4GGUYJLICBB2AUK4LSCQ,https://www.amazon.in/gp/profile/amzn1.account.AFYAQB4P4GGUYJLICBB2AUK4LSCQ/ref=cm_cr_othr_d_gw_tr?ie=UTF8,4,Nice sound,R2FS3RGPZI2WM3,https://www.amazon.in/gp/customer-reviews/R2FS3RGPZI2WM3/ref=cm_cr_othr_d_rvw_ttl?ie=UTF8&ASIN=B07YNTJ8ZM,,At very reasonable rate good sound quality,True,False,[],2024-10-31,47,"Colour: Black, Style Name: Zeb-County","[{'key': 'Colour', 'value': 'Black'}, {'key': 'Style Name', 'value': 'Zeb-County'}]",,,https://www.amazon.in/product-reviews/B07YNTJ8ZM?pageNumber=6&filterByStar=all_stars&sortBy=helpful&formatType=all_formats&asin=B07YNTJ8ZM&reftag=cm_cr_arp_d_paging_btm_next_6&scope=reviewsAjax0,allStars,,B07YNTJ8ZM,B07YNTJ8ZM,B07YNTJ8ZM,"{'price': None, 'listPrice': None}",https://www.amazon.in//Zebronics-Zeb-County-Bluetooth-Speaker-Function/dp/B07YNTJ8ZM/ref=zg_bs_g_1389365031_d_sccl_16/262-4334605-4855948?psc=1,India,
Reviewed in India on 2 November 2024,amzn1.account.AFQU46UG736CZNZFNRV5DVHAFD4Q,https://www.amazon.in/gp/profile/amzn1.account.AFQU46UG736CZNZFNRV5DVHAFD4Q/ref=cm_cr_othr_d_gw_tr?ie=UTF8,4,Nice,R3TQCAF8OVL8OI,https://www.amazon.in/gp/customer-reviews/R3TQCAF8OVL8OI/ref=cm_cr_othr_d_rvw_ttl?ie=UTF8&ASIN=B07YNTJ8ZM,,Very nice,True,False,[],2024-11-02,48,"Colour: Green, Style Name: Zeb-County","[{'key': 'Colour', 'value': 'Green'}, {'key': 'Style Name', 'value': 'Zeb-County'}]",,,https://www.amazon.in/product-reviews/B07YNTJ8ZM?pageNumber=6&filterByStar=all_stars&sortBy=helpful&formatType=all_formats&asin=B07YNTJ8ZM&reftag=cm_cr_arp_d_paging_btm_next_6&scope=reviewsAjax0,allStars,,B07YNTJ8ZM,B07YNTJ8ZM,B07YNTJ8ZM,"{'price': None, 'listPrice': None}",https://www.amazon.in//Zebronics-Zeb-County-Bluetooth-Speaker-Function/dp/B07YNTJ8ZM/ref=zg_bs_g_1389365031_d_sccl_16/262-4334605-4855948?psc=1,India,
Reviewed in India on 30 January 2025,amzn1.account.AEOFNYEK2DM77ULWRM3T3X34LYZA,https://www.amazon.in/gp/profile/amzn1.account.AEOFNYEK2DM77ULWRM3T3X34LYZA/ref=cm_cr_othr_d_gw_tr?ie=UTF8,5,Nice product thank you amazon,R7ILFECQ6AFHK,https://www.amazon.in/gp/customer-reviews/R7ILFECQ6AFHK/ref=cm_cr_othr_d_rvw_ttl?ie=UTF8&ASIN=B07YNTJ8ZM,,Bluetooth connectivity NiceFeatures niceEase of use YesFunctionality GoodCharging ability NicePortability Very Good,True,False,[],2025-01-30,33,"Colour: Green, Style Name: Zeb-County","[{'key': 'Colour', 'value': 'Green'}, {'key': 'Style Name', 'value': 'Zeb-County'}]",,,https://www.amazon.in/product-reviews/B07YNTJ8ZM?pageNumber=5&filterByStar=all_stars&sortBy=helpful&formatType=all_formats&asin=B07YNTJ8ZM&reftag=cm_cr_arp_d_paging_btm_next_5&scope=reviewsAjax0,allStars,,B07YNTJ8ZM,B07YNTJ8ZM,B07YNTJ8ZM,"{'price': None, 'listPrice': None}",https://www.amazon.in//Zebronics-Zeb-County-Bluetooth-Speaker-Function/dp/B07YNTJ8ZM/ref=zg_bs_g_1389365031_d_sccl_16/262-4334605-4855948?psc=1,India,
Reviewed in India on 11 November 2024,amzn1.account.AHK42LOBT66WO3WBM64UDFPR7JWQ,https://www.amazon.in/gp/profile/amzn1.account.AHK42LOBT66WO3WBM64UDFPR7JWQ/ref=cm_cr_othr_d_gw_tr?ie=UTF8,4,Nice one,R1EY7A9FXZ49I2,https://www.amazon.in/gp/customer-reviews/R1EY7A9FXZ49I2/ref=cm_cr_othr_d_rvw_ttl?ie=UTF8&ASIN=B07YNTJ8ZM,,Charging capacity is little bit low,True,False,[],2024-11-11,34,"Colour: Blue, Style Name: Zeb-County","[{'key': 'Colour', 'value': 'Blue'}, {'key': 'Style Name', 'value': 'Zeb-County'}]",,,https://www.amazon.in/product-reviews/B07YNTJ8ZM?pageNumber=5&filterByStar=all_stars&sortBy=helpful&formatType=all_formats&asin=B07YNTJ8ZM&reftag=cm_cr_arp_d_paging_btm_next_5&scope=reviewsAjax0,allStars,,B07YNTJ8ZM,B07YNTJ8ZM,B07YNTJ8ZM,"{'price': None, 'listPrice': None}",https://www.amazon.in//Zebronics-Zeb-County-Bluetooth-Speaker-Function/dp/B07YNTJ8ZM/ref=zg_bs_g_1389365031_d_sccl_16/262-4334605-4855948?psc=1,India,
Reviewed in India on 7 November 2024,amzn1.account.AEA7PLSIAD5MCKWJXVYB7Q2ZSVYA,https://www.amazon.in/gp/profile/amzn1.account.AEA7PLSIAD5MCKWJXVYB7Q2ZSVYA/ref=cm_cr_othr_d_gw_tr?ie=UTF8,4,Good product,R2GJHA85G6IH1E,https://www.amazon.in/gp/customer-reviews/R2GJHA85G6IH1E/ref=cm_cr_othr_d_rvw_ttl?ie=UTF8&ASIN=B07YNTJ8ZM,,Good sound quality.& good connectivty.,True,False,[],2024-11-07,35,"Colour: Black, Style Name: Zeb-County","[{'key': 'Colour', 'value': 'Black'}, {'key': 'Style Name', 'value': 'Zeb-County'}]",,,https://www.amazon.in/product-reviews/B07YNTJ8ZM?pageNumber=5&filterByStar=all_stars&sortBy=helpful&formatType=all_formats&asin=B07YNTJ8ZM&reftag=cm_cr_arp_d_paging_btm_next_5&scope=reviewsAjax0,allStars,,B07YNTJ8ZM,B07YNTJ8ZM,B07YNTJ8ZM,"{'price': None, 'listPrice': None}",https://www.amazon.in//Zebronics-Zeb-County-Bluetooth-Speaker-Function/dp/B07YNTJ8ZM/ref=zg_bs_g_1389365031_d_sccl_16/262-4334605-4855948?psc=1,India,
Reviewed in India on 6 December 2024,amzn1.account.AHP7SAISIJXJSMMUN2BI5DFV27QA,https://www.amazon.in/gp/profile/amzn1.account.AHP7SAISIJXJSMMUN2BI5DFV27QA/ref=cm_cr_othr_d_gw_tr?ie=UTF8,3,Sound üîägood,R36RWFGD2IWVKV,https://www.amazon.in/gp/customer-reviews/R36RWFGD2IWVKV/ref=cm_cr_othr_d_rvw_ttl?ie=UTF8&ASIN=B07YNTJ8ZM,,Product is üëåok hai.  But Volume+ switch not working.,True,False,['https://m.media-amazon.com/images/I/71ruKuixQ1L._SY88.jpg'],2024-12-06,36,"Colour: Black, Style Name: Zeb-County","[{'key': 'Colour', 'value': 'Black'}, {'key': 'Style Name', 'value': 'Zeb-County'}]",,,https://www.amazon.in/product-reviews/B07YNTJ8ZM?pageNumber=5&filterByStar=all_stars&sortBy=helpful&formatType=all_formats&asin=B07YNTJ8ZM&reftag=cm_cr_arp_d_paging_btm_next_5&scope=reviewsAjax0,allStars,,B07YNTJ8ZM,B07YNTJ8ZM,B07YNTJ8ZM,"{'price': None, 'listPrice': None}",https://www.amazon.in//Zebronics-Zeb-County-Bluetooth-Speaker-Function/dp/B07YNTJ8ZM/ref=zg_bs_g_1389365031_d_sccl_16/262-4334605-4855948?psc=1,India,
Reviewed in India on 28 January 2025,amzn1.account.AHN4X25KH3ANFJK36GRRLT55P2AA,https://www.amazon.in/gp/profile/amzn1.account.AHN4X25KH3ANFJK36GRRLT55P2AA/ref=cm_cr_othr_d_gw_tr?ie=UTF8,5,Good product,R37MC5D73B54W8,https://www.amazon.in/gp/customer-reviews/R37MC5D73B54W8/ref=cm_cr_othr_d_rvw_ttl?ie=UTF8&ASIN=B07YNTJ8ZM,,Good but audio cable not provided in the box as mentioned,True,False,[],2025-01-28,37,"Colour: Blue, Style Name: Zeb-County","[{'key': 'Colour', 'value': 'Blue'}, {'key': 'Style Name', 'value': 'Zeb-County'}]",,,https://www.amazon.in/product-reviews/B07YNTJ8ZM?pageNumber=5&filterByStar=all_stars&sortBy=helpful&formatType=all_formats&asin=B07YNTJ8ZM&reftag=cm_cr_arp_d_paging_btm_next_5&scope=reviewsAjax0,allStars,,B07YNTJ8ZM,B07YNTJ8ZM,B07YNTJ8ZM,"{'price': None, 'listPrice': None}",https://www.amazon.in//Zebronics-Zeb-County-Bluetooth-Speaker-Function/dp/B07YNTJ8ZM/ref=zg_bs_g_1389365031_d_sccl_16/262-4334605-4855948?psc=1,India,
Reviewed in India on 7 November 2024,amzn1.account.AHBTODZLRU76NLTL3W2NCVIRQKTA,https://www.amazon.in/gp/profile/amzn1.account.AHBTODZLRU76NLTL3W2NCVIRQKTA/ref=cm_cr_othr_d_gw_tr?ie=UTF8,4,Good,R26INBCS1KMEZU,https://www.amazon.in/gp/customer-reviews/R26INBCS1KMEZU/ref=cm_cr_othr_d_rvw_ttl?ie=UTF8&ASIN=B07YNTJ8ZM,,Good product and worthy,True,False,[],2024-11-07,38,"Colour: Black+Red, Style Name: Zeb-County","[{'key': 'Colour', 'value': 'Black+Red'}, {'key': 'Style Name', 'value': 'Zeb-County'}]",,,https://www.amazon.in/product-reviews/B07YNTJ8ZM?pageNumber=5&filterByStar=all_stars&sortBy=helpful&formatType=all_formats&asin=B07YNTJ8ZM&reftag=cm_cr_arp_d_paging_btm_next_5&scope=reviewsAjax0,allStars,,B07YNTJ8ZM,B07YNTJ8ZM,B07YNTJ8ZM,"{'price': None, 'listPrice': None}",https://www.amazon.in//Zebronics-Zeb-County-Bluetooth-Speaker-Function/dp/B07YNTJ8ZM/ref=zg_bs_g_1389365031_d_sccl_16/262-4334605-4855948?psc=1,India,
Reviewed in India on 2 November 2024,amzn1.account.AHZ4FFJBSUBRQPEF2MCFD2XKIX4Q,https://www.amazon.in/gp/profile/amzn1.account.AHZ4FFJBSUBRQPEF2MCFD2XKIX4Q/ref=cm_cr_othr_d_gw_tr?ie=UTF8,4,Good product,R244TRZQY3R3Y5,https://www.amazon.in/gp/customer-reviews/R244TRZQY3R3Y5/ref=cm_cr_othr_d_rvw_ttl?ie=UTF8&ASIN=B07YNTJ8ZM,,"Like the portability. But didn't receive charging cable, manual and warranty card with the product.",True,False,[],2024-11-02,39,"Colour: Blue, Style Name: Zeb-County","[{'key': 'Colour', 'value': 'Blue'}, {'key': 'Style Name', 'value': 'Zeb-County'}]",,,https://www.amazon.in/product-reviews/B07YNTJ8ZM?pageNumber=5&filterByStar=all_stars&sortBy=helpful&formatType=all_formats&asin=B07YNTJ8ZM&reftag=cm_cr_arp_d_paging_btm_next_5&scope=reviewsAjax0,allStars,,B07YNTJ8ZM,B07YNTJ8ZM,B07YNTJ8ZM,"{'price': None, 'listPrice': None}",https://www.amazon.in//Zebronics-Zeb-County-Bluetooth-Speaker-Function/dp/B07YNTJ8ZM/ref=zg_bs_g_1389365031_d_sccl_16/262-4334605-4855948?psc=1,India,
Reviewed in India on 8 November 2024,amzn1.account.AHHCWNCIHHXTIZRDHICEWDPW5MMA,https://www.amazon.in/gp/profile/amzn1.account.AHHCWNCIHHXTIZRDHICEWDPW5MMA/ref=cm_cr_othr_d_gw_tr?ie=UTF8,4,Good üëç,R4J5A291L8IYR,https://www.amazon.in/gp/customer-reviews/R4J5A291L8IYR/ref=cm_cr_othr_d_rvw_ttl?ie=UTF8&ASIN=B07YNTJ8ZM,,Good üëç,True,False,[],2024-11-08,40,"Colour: Black, Style Name: Zeb-County","[{'key': 'Colour', 'value': 'Black'}, {'key': 'Style Name', 'value': 'Zeb-County'}]",,,https://www.amazon.in/product-reviews/B07YNTJ8ZM?pageNumber=5&filterByStar=all_stars&sortBy=helpful&formatType=all_formats&asin=B07YNTJ8ZM&reftag=cm_cr_arp_d_paging_btm_next_5&scope=reviewsAjax0,allStars,,B07YNTJ8ZM,B07YNTJ8ZM,B07YNTJ8ZM,"{'price': None, 'listPrice': None}",https://www.amazon.in//Zebronics-Zeb-County-Bluetooth-Speaker-Function/dp/B07YNTJ8ZM/ref=zg_bs_g_1389365031_d_sccl_16/262-4334605-4855948?psc=1,India,
Reviewed in India on 16 December 2024,amzn1.account.AGRBTFZSWCYTGLJWFUACOQM4I6OA,https://www.amazon.in/gp/profile/amzn1.account.AGRBTFZSWCYTGLJWFUACOQM4I6OA/ref=cm_cr_othr_d_gw_tr?ie=UTF8,4,Excellent,R2MJ6YXQBX2D0Y,https://www.amazon.in/gp/customer-reviews/R2MJ6YXQBX2D0Y/ref=cm_cr_othr_d_rvw_ttl?ie=UTF8&ASIN=B07YNTJ8ZM,,Sound quality will amazed you,True,False,[],2024-12-16,17,"Colour: Black, Style Name: Zeb-County","[{'key': 'Colour', 'value': 'Black'}, {'key': 'Style Name', 'value': 'Zeb-County'}]",,,https://www.amazon.in/product-reviews/B07YNTJ8ZM?pageNumber=3&filterByStar=all_stars&sortBy=helpful&formatType=all_formats&asin=B07YNTJ8ZM&reftag=cm_cr_arp_d_paging_btm_next_3&scope=reviewsAjax0,allStars,,B07YNTJ8ZM,B07YNTJ8ZM,B07YNTJ8ZM,"{'price': None, 'listPrice': None}",https://www.amazon.in//Zebronics-Zeb-County-Bluetooth-Speaker-Function/dp/B07YNTJ8ZM/ref=zg_bs_g_1389365031_d_sccl_16/262-4334605-4855948?psc=1,India,
Reviewed in India on 22 January 2025,amzn1.account.AFI3NZ3VM74QSFXFASXT7APQOSJA,https://www.amazon.in/gp/profile/amzn1.account.AFI3NZ3VM74QSFXFASXT7APQOSJA/ref=cm_cr_othr_d_gw_tr?ie=UTF8,3,It's not working now.,RF6YDUG8CR8LY,https://www.amazon.in/gp/customer-reviews/RF6YDUG8CR8LY/ref=cm_cr_othr_d_rvw_ttl?ie=UTF8&ASIN=B07YNTJ8ZM,,Nice product but not used for long time.,True,False,['https://m.media-amazon.com/images/I/712AR2DQ9qL._SY88.jpg'],2025-01-22,18,"Colour: Blue, Style Name: Zeb-County","[{'key': 'Colour', 'value': 'Blue'}, {'key': 'Style Name', 'value': 'Zeb-County'}]",,,https://www.amazon.in/product-reviews/B07YNTJ8ZM?pageNumber=3&filterByStar=all_stars&sortBy=helpful&formatType=all_formats&asin=B07YNTJ8ZM&reftag=cm_cr_arp_d_paging_btm_next_3&scope=reviewsAjax0,allStars,,B07YNTJ8ZM,B07YNTJ8ZM,B07YNTJ8ZM,"{'price': None, 'listPrice': None}",https://www.amazon.in//Zebronics-Zeb-County-Bluetooth-Speaker-Function/dp/B07YNTJ8ZM/ref=zg_bs_g_1389365031_d_sccl_16/262-4334605-4855948?psc=1,India,
Reviewed in India on 16 December 2024,amzn1.account.AHIZVWTCPAI5BDHZAFQXTW3EUV5Q,https://www.amazon.in/gp/profile/amzn1.account.AHIZVWTCPAI5BDHZAFQXTW3EUV5Q/ref=cm_cr_othr_d_gw_tr?ie=UTF8,4,Good,R23KGW7BY04C5O,https://www.amazon.in/gp/customer-reviews/R23KGW7BY04C5O/ref=cm_cr_othr_d_rvw_ttl?ie=UTF8&ASIN=B07YNTJ8ZM,One person found this helpful,‡ÆÖ‡Æ∞‡ØÅ‡ÆÆ‡Øà,True,False,[],2024-12-16,19,"Colour: Blue, Style Name: Zeb-County","[{'key': 'Colour', 'value': 'Blue'}, {'key': 'Style Name', 'value': 'Zeb-County'}]",,,https://www.amazon.in/product-reviews/B07YNTJ8ZM?pageNumber=3&filterByStar=all_stars&sortBy=helpful&formatType=all_formats&asin=B07YNTJ8ZM&reftag=cm_cr_arp_d_paging_btm_next_3&scope=reviewsAjax0,allStars,,B07YNTJ8ZM,B07YNTJ8ZM,B07YNTJ8ZM,"{'price': None, 'listPrice': None}",https://www.amazon.in//Zebronics-Zeb-County-Bluetooth-Speaker-Function/dp/B07YNTJ8ZM/ref=zg_bs_g_1389365031_d_sccl_16/262-4334605-4855948?psc=1,India,
Reviewed in India on 24 January 2025,amzn1.account.AFZPTFK3NGQ2CUKC5RKNEO4GCOPA,https://www.amazon.in/gp/profile/amzn1.account.AFZPTFK3NGQ2CUKC5RKNEO4GCOPA/ref=cm_cr_othr_d_gw_tr?ie=UTF8,3,Value of money,R1EHFP1OBX7ZKS,https://www.amazon.in/gp/customer-reviews/R1EHFP1OBX7ZKS/ref=cm_cr_othr_d_rvw_ttl?ie=UTF8&ASIN=B07YNTJ8ZM,One person found this helpful,Value of money,True,False,[],2025-01-24,20,"Colour: Black, Style Name: Zeb-County","[{'key': 'Colour', 'value': 'Black'}, {'key': 'Style Name', 'value': 'Zeb-County'}]",,,https://www.amazon.in/product-reviews/B07YNTJ8ZM?pageNumber=3&filterByStar=all_stars&sortBy=helpful&formatType=all_formats&asin=B07YNTJ8ZM&reftag=cm_cr_arp_d_paging_btm_next_3&scope=reviewsAjax0,allStars,,B07YNTJ8ZM,B07YNTJ8ZM,B07YNTJ8ZM,"{'price': None, 'listPrice': None}",https://www.amazon.in//Zebronics-Zeb-County-Bluetooth-Speaker-Function/dp/B07YNTJ8ZM/ref=zg_bs_g_1389365031_d_sccl_16/262-4334605-4855948?psc=1,India,
Reviewed in India on 16 January 2025,amzn1.account.AFJ3Y2NWMZ7OU6KPCWN44P67GFCQ,https://www.amazon.in/gp/profile/amzn1.account.AFJ3Y2NWMZ7OU6KPCWN44P67GFCQ/ref=cm_cr_othr_d_gw_tr?ie=UTF8,3,Audio breaks,R3GAVZ6GYMG325,https://www.amazon.in/gp/customer-reviews/R3GAVZ6GYMG325/ref=cm_cr_othr_d_rvw_ttl?ie=UTF8&ASIN=B07YNTJ8ZM,,Connectivity issue,True,False,[],2025-01-16,21,"Colour: Black, Style Name: Zeb-County","[{'key': 'Colour', 'value': 'Black'}, {'key': 'Style Name', 'value': 'Zeb-County'}]",,,https://www.amazon.in/product-reviews/B07YNTJ8ZM?pageNumber=3&filterByStar=all_stars&sortBy=helpful&formatType=all_formats&asin=B07YNTJ8ZM&reftag=cm_cr_arp_d_paging_btm_next_3&scope=reviewsAjax0,allStars,,B07YNTJ8ZM,B07YNTJ8ZM,B07YNTJ8ZM,"{'price': None, 'listPrice': None}",https://www.amazon.in//Zebronics-Zeb-County-Bluetooth-Speaker-Function/dp/B07YNTJ8ZM/ref=zg_bs_g_1389365031_d_sccl_16/262-4334605-4855948?psc=1,India,
Reviewed in India on 9 December 2024,amzn1.account.AEGJTT3BRXSWHBSAJFW7UMQZPFGA,https://www.amazon.in/gp/profile/amzn1.account.AEGJTT3BRXSWHBSAJFW7UMQZPFGA/ref=cm_cr_othr_d_gw_tr?ie=UTF8,4,Good one,R3KGYCDA25GAKN,https://www.amazon.in/gp/customer-reviews/R3KGYCDA25GAKN/ref=cm_cr_othr_d_rvw_ttl?ie=UTF8&ASIN=B07YNTJ8ZM,,Good product,True,False,[],2024-12-09,22,"Colour: Red, Style Name: Zeb-County","[{'key': 'Colour', 'value': 'Red'}, {'key': 'Style Name', 'value': 'Zeb-County'}]",,,https://www.amazon.in/product-reviews/B07YNTJ8ZM?pageNumber=3&filterByStar=all_stars&sortBy=helpful&formatType=all_formats&asin=B07YNTJ8ZM&reftag=cm_cr_arp_d_paging_btm_next_3&scope=reviewsAjax0,allStars,,B07YNTJ8ZM,B07YNTJ8ZM,B07YNTJ8ZM,"{'price': None, 'listPrice': None}",https://www.amazon.in//Zebronics-Zeb-County-Bluetooth-Speaker-Function/dp/B07YNTJ8ZM/ref=zg_bs_g_1389365031_d_sccl_16/262-4334605-4855948?psc=1,India,
Reviewed in India on 4 December 2024,amzn1.account.AEO6LBSLCVST5SVRTWNOOQMTGLWQ,https://www.amazon.in/gp/profile/amzn1.account.AEO6LBSLCVST5SVRTWNOOQMTGLWQ/ref=cm_cr_othr_d_gw_tr?ie=UTF8,4,Goodd,R3E8QNOX9ZCGZ4,https://www.amazon.in/gp/customer-reviews/R3E8QNOX9ZCGZ4/ref=cm_cr_othr_d_rvw_ttl?ie=UTF8&ASIN=B07YNTJ8ZM,,Awsomee in this price range,True,False,[],2024-12-04,23,"Colour: Green, Style Name: Zeb-County","[{'key': 'Colour', 'value': 'Green'}, {'key': 'Style Name', 'value': 'Zeb-County'}]",,,https://www.amazon.in/product-reviews/B07YNTJ8ZM?pageNumber=3&filterByStar=all_stars&sortBy=helpful&formatType=all_formats&asin=B07YNTJ8ZM&reftag=cm_cr_arp_d_paging_btm_next_3&scope=reviewsAjax0,allStars,,B07YNTJ8ZM,B07YNTJ8ZM,B07YNTJ8ZM,"{'price': None, 'listPrice': None}",https://www.amazon.in//Zebronics-Zeb-County-Bluetooth-Speaker-Function/dp/B07YNTJ8ZM/ref=zg_bs_g_1389365031_d_sccl_16/262-4334605-4855948?psc=1,India,
Reviewed in India on 27 November 2024,amzn1.account.AGQIOAG2P4NRKPPHXPDRWBXNGTQQ,https://www.amazon.in/gp/profile/amzn1.account.AGQIOAG2P4NRKPPHXPDRWBXNGTQQ/ref=cm_cr_othr_d_gw_tr?ie=UTF8,4,Speakers,R154K86AM6TT42,https://www.amazon.in/gp/customer-reviews/R154K86AM6TT42/ref=cm_cr_othr_d_rvw_ttl?ie=UTF8&ASIN=B07YNTJ8ZM,,Looks small but marbles sound quality üëå,True,False,[],2024-11-27,24,"Colour: Black, Style Name: Zeb-County","[{'key': 'Colour', 'value': 'Black'}, {'key': 'Style Name', 'value': 'Zeb-County'}]",,,https://www.amazon.in/product-reviews/B07YNTJ8ZM?pageNumber=3&filterByStar=all_stars&sortBy=helpful&formatType=all_formats&asin=B07YNTJ8ZM&reftag=cm_cr_arp_d_paging_btm_next_3&scope=reviewsAjax0,allStars,,B07YNTJ8ZM,B07YNTJ8ZM,B07YNTJ8ZM,"{'price': None, 'listPrice': None}",https://www.amazon.in//Zebronics-Zeb-County-Bluetooth-Speaker-Function/dp/B07YNTJ8ZM/ref=zg_bs_g_1389365031_d_sccl_16/262-4334605-4855948?psc=1,India,
Reviewed in India on 24 September 2024,amzn1.account.AGWOPERUZJRQ2WU7BAXC6E356V6A,https://www.amazon.in/gp/profile/amzn1.account.AGWOPERUZJRQ2WU7BAXC6E356V6A/ref=cm_cr_othr_d_gw_tr?ie=UTF8,4,Small n Smart,R165RRRG6VDS6D,https://www.amazon.in/gp/customer-reviews/R165RRRG6VDS6D/ref=cm_cr_othr_d_rvw_ttl?ie=UTF8&ASIN=B07YNTJ8ZM,One person found this helpful,Worth for money - only one issue is FM is not garbing the signals properly - remaining everything is good,True,False,['https://m.media-amazon.com/images/I/61+124FQbmL._SY88.jpg'],2024-09-24,73,"Colour: Green, Style Name: Zeb-County","[{'key': 'Colour', 'value': 'Green'}, {'key': 'Style Name', 'value': 'Zeb-County'}]",,,https://www.amazon.in/product-reviews/B07YNTJ8ZM?pageNumber=10&filterByStar=all_stars&sortBy=helpful&formatType=all_formats&asin=B07YNTJ8ZM&reftag=cm_cr_arp_d_paging_btm_next_10&scope=reviewsAjax0,allStars,,B07YNTJ8ZM,B07YNTJ8ZM,B07YNTJ8ZM,"{'price': None, 'listPrice': None}",https://www.amazon.in//Zebronics-Zeb-County-Bluetooth-Speaker-Function/dp/B07YNTJ8ZM/ref=zg_bs_g_1389365031_d_sccl_16/262-4334605-4855948?psc=1,India,
Reviewed in India on 2 January 2025,amzn1.account.AFCW2KPMYZNFMSXPKPD4TNN3KHJA,https://www.amazon.in/gp/profile/amzn1.account.AFCW2KPMYZNFMSXPKPD4TNN3KHJA/ref=cm_cr_othr_d_gw_tr?ie=UTF8,5,babu,R27BQM39KBHHAG,https://www.amazon.in/gp/customer-reviews/R27BQM39KBHHAG/ref=cm_cr_othr_d_rvw_ttl?ie=UTF8&ASIN=B07YNTJ8ZM,,"Very very satisfied product, 10/10 room it is nice product, worthable fo buying.",True,False,[],2025-01-02,74,"Colour: Green, Style Name: Zeb-County","[{'key': 'Colour', 'value': 'Green'}, {'key': 'Style Name', 'value': 'Zeb-County'}]",,,https://www.amazon.in/product-reviews/B07YNTJ8ZM?pageNumber=10&filterByStar=all_stars&sortBy=helpful&formatType=all_formats&asin=B07YNTJ8ZM&reftag=cm_cr_arp_d_paging_btm_next_10&scope=reviewsAjax0,allStars,,B07YNTJ8ZM,B07YNTJ8ZM,B07YNTJ8ZM,"{'price': None, 'listPrice': None}",https://www.amazon.in//Zebronics-Zeb-County-Bluetooth-Speaker-Function/dp/B07YNTJ8ZM/ref=zg_bs_g_1389365031_d_sccl_16/262-4334605-4855948?psc=1,India,
Reviewed in India on 3 October 2024,amzn1.account.AEDYPOIFCDX3242ZXOO7LBJCOEQA,https://www.amazon.in/gp/profile/amzn1.account.AEDYPOIFCDX3242ZXOO7LBJCOEQA/ref=cm_cr_othr_d_gw_tr?ie=UTF8,4,Good sound  For Normal Uses,R3DOZF0WM13STG,https://www.amazon.in/gp/customer-reviews/R3DOZF0WM13STG/ref=cm_cr_othr_d_rvw_ttl?ie=UTF8&ASIN=B07YNTJ8ZM,,Excellent output as per priceSmall cute looking speaker üòù,True,False,"['https://m.media-amazon.com/images/I/71BcgXNmhnL._SY88.jpg', 'https://m.media-amazon.com/images/I/71ki1Eqf5xL._SY88.jpg', 'https://m.media-amazon.com/images/I/71uEPUlJwBL._SY88.jpg']",2024-10-03,75,"Colour: Black, Style Name: Zeb-County","[{'key': 'Colour', 'value': 'Black'}, {'key': 'Style Name', 'value': 'Zeb-County'}]",,,https://www.amazon.in/product-reviews/B07YNTJ8ZM?pageNumber=10&filterByStar=all_stars&sortBy=helpful&formatType=all_formats&asin=B07YNTJ8ZM&reftag=cm_cr_arp_d_paging_btm_next_10&scope=reviewsAjax0,allStars,,B07YNTJ8ZM,B07YNTJ8ZM,B07YNTJ8ZM,"{'price': None, 'listPrice': None}",https://www.amazon.in//Zebronics-Zeb-County-Bluetooth-Speaker-Function/dp/B07YNTJ8ZM/ref=zg_bs_g_1389365031_d_sccl_16/262-4334605-4855948?psc=1,India,
Reviewed in India on 7 November 2024,amzn1.account.AHDFYYSZNGP475XS2D7W2HT3SECQ,https://www.amazon.in/gp/profile/amzn1.account.AHDFYYSZNGP475XS2D7W2HT3SECQ/ref=cm_cr_othr_d_gw_tr?ie=UTF8,3,Sound quality,R3C21YCLBD731G,https://www.amazon.in/gp/customer-reviews/R3C21YCLBD731G/ref=cm_cr_othr_d_rvw_ttl?ie=UTF8&ASIN=B07YNTJ8ZM,,Affordable price with good quality,True,False,[],2024-11-07,76,"Colour: Red, Style Name: Zeb-County","[{'key': 'Colour', 'value': 'Red'}, {'key': 'Style Name', 'value': 'Zeb-County'}]",,,https://www.amazon.in/product-reviews/B07YNTJ8ZM?pageNumber=10&filterByStar=all_stars&sortBy=helpful&formatType=all_formats&asin=B07YNTJ8ZM&reftag=cm_cr_arp_d_paging_btm_next_10&scope=reviewsAjax0,allStars,,B07YNTJ8ZM,B07YNTJ8ZM,B07YNTJ8ZM,"{'price': None, 'listPrice': None}",https://www.amazon.in//Zebronics-Zeb-County-Bluetooth-Speaker-Function/dp/B07YNTJ8ZM/ref=zg_bs_g_1389365031_d_sccl_16/262-4334605-4855948?psc=1,India,
Reviewed in India on 8 October 2024,amzn1.account.AHJVYOP3OHPZRXSRIJDTMPFL46IQ,https://www.amazon.in/gp/profile/amzn1.account.AHJVYOP3OHPZRXSRIJDTMPFL46IQ/ref=cm_cr_othr_d_gw_tr?ie=UTF8,3,"Okay, Overpriced",R2MQ9N3PGVME60,https://www.amazon.in/gp/customer-reviews/R2MQ9N3PGVME60/ref=cm_cr_othr_d_rvw_ttl?ie=UTF8&ASIN=B07YNTJ8ZM,,The product is okay. Works fine. Tried microSD and bluetooth. Battery backup is okay. Overpriced.,True,False,[],2024-10-08,77,"Colour: Black, Style Name: Zeb-County","[{'key': 'Colour', 'value': 'Black'}, {'key': 'Style Name', 'value': 'Zeb-County'}]",,,https://www.amazon.in/product-reviews/B07YNTJ8ZM?pageNumber=10&filterByStar=all_stars&sortBy=helpful&formatType=all_formats&asin=B07YNTJ8ZM&reftag=cm_cr_arp_d_paging_btm_next_10&scope=reviewsAjax0,allStars,,B07YNTJ8ZM,B07YNTJ8ZM,B07YNTJ8ZM,"{'price': None, 'listPrice': None}",https://www.amazon.in//Zebronics-Zeb-County-Bluetooth-Speaker-Function/dp/B07YNTJ8ZM/ref=zg_bs_g_1389365031_d_sccl_16/262-4334605-4855948?psc=1,India,
Reviewed in India on 15 October 2024,amzn1.account.AGOJQ3CCA4SBTLNA73MK2CQHFXOA,https://www.amazon.in/gp/profile/amzn1.account.AGOJQ3CCA4SBTLNA73MK2CQHFXOA/ref=cm_cr_othr_d_gw_tr?ie=UTF8,4,Good,R11VH4V3JU3D7P,https://www.amazon.in/gp/customer-reviews/R11VH4V3JU3D7P/ref=cm_cr_othr_d_rvw_ttl?ie=UTF8&ASIN=B07YNTJ8ZM,,Need battery life,True,False,[],2024-10-15,78,"Colour: Blue, Style Name: Zeb-County","[{'key': 'Colour', 'value': 'Blue'}, {'key': 'Style Name', 'value': 'Zeb-County'}]",,,https://www.amazon.in/product-reviews/B07YNTJ8ZM?pageNumber=10&filterByStar=all_stars&sortBy=helpful&formatType=all_formats&asin=B07YNTJ8ZM&reftag=cm_cr_arp_d_paging_btm_next_10&scope=reviewsAjax0,allStars,,B07YNTJ8ZM,B07YNTJ8ZM,B07YNTJ8ZM,"{'price': None, 'listPrice': None}",https://www.amazon.in//Zebronics-Zeb-County-Bluetooth-Speaker-Function/dp/B07YNTJ8ZM/ref=zg_bs_g_1389365031_d_sccl_16/262-4334605-4855948?psc=1,India,
Reviewed in India on 15 October 2024,amzn1.account.AFVTIOXQ22L34VQ55HDHKYCJAANQ,https://www.amazon.in/gp/profile/amzn1.account.AFVTIOXQ22L34VQ55HDHKYCJAANQ/ref=cm_cr_othr_d_gw_tr?ie=UTF8,3,Sound Quality,R1G54I6F5A59A4,https://www.amazon.in/gp/customer-reviews/R1G54I6F5A59A4/ref=cm_cr_othr_d_rvw_ttl?ie=UTF8&ASIN=B07YNTJ8ZM,,It's stereotype speaker,True,False,[],2024-10-15,79,"Colour: Blue, Style Name: Zeb-County","[{'key': 'Colour', 'value': 'Blue'}, {'key': 'Style Name', 'value': 'Zeb-County'}]",,,https://www.amazon.in/product-reviews/B07YNTJ8ZM?pageNumber=10&filterByStar=all_stars&sortBy=helpful&formatType=all_formats&asin=B07YNTJ8ZM&reftag=cm_cr_arp_d_paging_btm_next_10&scope=reviewsAjax0,allStars,,B07YNTJ8ZM,B07YNTJ8ZM,B07YNTJ8ZM,"{'price': None, 'listPrice': None}",https://www.amazon.in//Zebronics-Zeb-County-Bluetooth-Speaker-Function/dp/B07YNTJ8ZM/ref=zg_bs_g_1389365031_d_sccl_16/262-4334605-4855948?psc=1,India,
Reviewed in India on 12 October 2024,amzn1.account.AGBILRDDGNXVNBTOANRIMYIE7FLA,https://www.amazon.in/gp/profile/amzn1.account.AGBILRDDGNXVNBTOANRIMYIE7FLA/ref=cm_cr_othr_d_gw_tr?ie=UTF8,3,Not satisfied with FM mode,R344B86WSSNQVO,https://www.amazon.in/gp/customer-reviews/R344B86WSSNQVO/ref=cm_cr_othr_d_rvw_ttl?ie=UTF8&ASIN=B07YNTJ8ZM,One person found this helpful,Everything is fine but unable to use FM mode...,True,False,[],2024-10-12,80,"Colour: Blue, Style Name: Zeb-County","[{'key': 'Colour', 'value': 'Blue'}, {'key': 'Style Name', 'value': 'Zeb-County'}]",,,https://www.amazon.in/product-reviews/B07YNTJ8ZM?pageNumber=10&filterByStar=all_stars&sortBy=helpful&formatType=all_formats&asin=B07YNTJ8ZM&reftag=cm_cr_arp_d_paging_btm_next_10&scope=reviewsAjax0,allStars,,B07YNTJ8ZM,B07YNTJ8ZM,B07YNTJ8ZM,"{'price': None, 'listPrice': None}",https://www.amazon.in//Zebronics-Zeb-County-Bluetooth-Speaker-Function/dp/B07YNTJ8ZM/ref=zg_bs_g_1389365031_d_sccl_16/262-4334605-4855948?psc=1,India,
